Identifier,StructureData,,Polymer EntityData,,,,,
Entry ID,PDB ID,Total Number of Polymer Instances (Chains),Sequence,Total Number of polymer Entity Instances (Chains) per Entity,Auth Asym ID,Entity ID,Entry Id (Polymer Entity Identifiers),
"1AAL","1AAL",2,"RPDFCLEPPYTGPCKARIIRYFYNAKAGLVQTFVYGGCRAKRNNFKSAEDAMRTCGGA",2,"A","1","1AAL"
,,,,,"B"
"1AAP","1AAP",2,"VREVCSEQAETGPCRAMISRWYFDVTEGKCAPFFYGGCGGNRNNFDTEEYCMAVCGSA",2,"A","1","1AAP"
,,,,,"B"
"1B0C","1B0C",5,"RPDFCLEPPYTGPCKARIIRYFYNAKAGLCQTFVYGGCRAKRNNFKSAEDCMRTCGGA",5,"A","1","1B0C"
,,,,,"B"
,,,,,"C"
,,,,,"D"
,,,,,"E"
"1BHC","1BHC",10,"RPDFCLEPPYTGPCKARIIRYFYNAKAGLCQTFVYGGCRAKRNNFKSAEDCMRTCGGA",10,"A","1","1BHC"
,,,,,"B"
,,,,,"C"
,,,,,"D"
,,,,,"E"
,,,,,"F"
,,,,,"G"
,,,,,"H"
,,,,,"I"
,,,,,"J"
"1BPI","1BPI",1,"RPDFCLEPPYTGPCKARIIRYFYNAKAGLCQTFVYGGCRAKRNNFKSAEDCMRTCGGA",1,"A","1","1BPI"
"1BPT","1BPT",1,"RPDFCLEPPYTGPCKARIIRYFANAKAGLCQTFVYGGCRAKRNNFKSAEDCMRTCGGA",1,"A","1","1BPT"
"1BRC","1BRC",2,"IVGGYTCQENSVPYQVSLNSGYHFCGGSLINDQWVVSAAHCYKSRIQVRLGEHNINVLEGNEQFVNAAKIIKHPNFDRKTLNNDIMLIKLSSPVKLNARVATVALPSSCAPAGTQCLISGWGNTLSSGVNEPDLLQCLDAPLLPQADCEASYPGKITDNMVCVGFLEGGKGSCQGDSGGPVVCNGELQGIVSWGYGCALPDNPDVYTKVCNYVDWIQDTIAAN",1,"E","1","1BRC"
,,,"VREVCSEQAETGPCRAMISRWYFDVTEGKCAPFFYGGCGGNRNNFDTEEYCMAVCG",1,"I","2","1BRC"
"1BTH","1BTH",6,"TFGSGEADCGLRPLFEKKSLEDKTERELLESYIDGR",2,"L","1","1BTH"
,,,,,"J"
,,,"IVEGSDAEIGMSPWQVMLFRKSPQELLCGASLISDRWVLTAAHCLLYPPWDKNFTENDLLVRIGKHSRTRYERNIEKISMLEKIYIHPRYNWRENLDRDIALMKLKKPVAFSDYIHPVCLPDRETAASLLQAGYKGRVTGWGNLKETWTTNVGKGQPSVLQVVNLPIVERPVCKDSTRIRITDNMFCAGYKPDEGKRGDACQGDSGGPFVMKSPFNNRWYQMGIVSWGEGCDRDGKYGFYTHVFRLKKWIQKVIDQFGE",2,"H","2","1BTH"
,,,,,"K"
,,,"RPDFCLEPPYTGPCKARIIRYFYNAKAGLCQTFVYGGCRAKRNNFKSAEDCMRTCGGA",2,"P","3","1BTH"
,,,,,"Q"
"1BTI","1BTI",1,"RPDFCLEPPYTGPCKARIIRYAYNAKAGLCQTFVYGGCRAKRNNFKSAEDCMRTCGGA",1,"A","1","1BTI"
"1BUN","1BUN",2,"NLINFMEMIRYTIPCEKTWGEYADYGCYCGAGGSGRPIDALDRCCYVHDNCYGDAEKKHKCNPKTQSYSYKLTKRTIICYGAAGTCARIVCDCDRTAALCFGNSEYIEGHKNIDTARFCQ",1,"A","1","1BUN"
,,,"RKRHPDCDKPPDTKICQTVVRAFYYKPSAKRCVQFRYGGCNGNGNHFKSDHLCRCECLEYR",1,"B","2","1BUN"
"1BZ5","1BZ5",5,"RPDFCLEPPYTGPCKARIIRYFYNAKAGLCQTFVYGGCRAKRNNFKSAEDCMRTCGGA",5,"A","1","1BZ5"
,,,,,"B"
,,,,,"C"
,,,,,"D"
,,,,,"E"
"1BZX","1BZX",2,"IVGGYECKPYSQPHQVSLNSGYHFCGGSLVNENWVVSAAHCYKSRVEVRLGEHNIKVTEGSEQFISSSRVIRHPNYSSYNIDNDIMLIKLSKPATLNTYVQPVALPTSCAPAGTMCTVSGWGNTMSSTADSNKLQCLNIPILSYSDCNNSYPGMITNAMFCAGYLEGGKDSCQGDSGGPVVCNGELQGVVSWGYGCAEPGNPGVYAKVCIFNDWLTSTMASY",1,"E","1","1BZX"
,,,"RPDFCLEPPYTGPCKARIIRYFYNAKAGLCQTFVYGGCRAKRNNFKSAEDCMRTCGGA",1,"I","2","1BZX"
"1CA0","1CA0",8,"CGVPAIQPVLSGL",2,"A","1","1CA0"
,,,,,"F"
,,,"IVNGEEAVPGSWPWQVSLQDKTGFHFCGGSLINENWVVTAAHCGVTTSDVVVAGEFDQGSSSEKIQKLKIAKVFKNSKYNSLTINNDITLLKLSTAASFSQTVSAVCLPSASDDFAAGTTCVTTGWGLTRY",2,"B","2","1CA0"
,,,,,"G"
,,,"ANTPDRLQQASLPLLSNTNCKKYWGTKIKDAMICAGASGVSSCMGDSGGPLVCKKNGAWTLVGIVSWGSSTCSTSTPGVYARVTALVNWVQQTLAAN",2,"C","3","1CA0"
,,,,,"H"
,,,"EVCSEQAETGPCRAMISRWYFDVTEGKCAPFFYGGCGGNRNNFDTEEYCMAVCG",2,"D","4","1CA0"
,,,,,"I"
"1CBW","1CBW",8,"CGVPAIQPVLSGL",2,"A","1","1CBW"
,,,,,"F"
,,,"IVNGEEAVPGSWPWQVSLQDKTGFHFCGGSLINENWVVTAAHCGVTTSDVVVAGEFDQGSSSEKIQKLKIAKVFKNSKYNSLTINNDITLLKLSTAASFSQTVSAVCLPSASDDFAAGTTCVTTGWGLTRY",2,"B","2","1CBW"
,,,,,"G"
,,,"ANTPDRLQQASLPLLSNTNCKKYWGTKIKDAMICAGASGVSSCMGDSGGPLVCKKNGAWTLVGIVSWGSSTCSTSTPGVYARVTALVNWVQQTLAAN",2,"C","3","1CBW"
,,,,,"H"
,,,"RPDFCLEPPYTGPCKARIIRYFYNAKAGLCQTFVYGGCRAKRNNFKSAEDCMRTCGGA",2,"D","4","1CBW"
,,,,,"I"
"1D0D","1D0D",2,"YNRLCIKPRDWIDECDSNEGGERAYFRNGKGGCDSFWICPEDHTGADYYSSYRDCFNACI",1,"A","1","1D0D"
,,,"RPDFCLEPPYTGPCKARIIRYFYNAKAGLCQTFVYGGCRAKRNNFKSAEDCMRTCGGA",1,"B","2","1D0D"
"1DTX","1DTX",1,"QPRRKLCILHRNPGRCYDKIPAFYYNQKKKQCERFDWSGCGGNSNRFKTIEECRRTCIG",1,"A","1","1DTX"
"1EAW","1EAW",4,"VVGGTDADEGEWPWQVSLHALGQGHICGASLISPNWLVSAAHCYIDDRGFRYSDPTQWTAFLGLHDQSQRSAPGVQERRLKRIISHPFFNDFTFDYDIALLELEKPAEYSSMVRPICLPDASHVFPAGKAIWVTGWGHTQYGGTGALILQKGEIRVINQTTCENLLPQQITPRMMCVGFLSGGVDSCQGDSGGPLSSVEADGRIFQAGVVSWGDGCAQRNKPGVYTRLPLFRDWIKENTGV",2,"A","1","1EAW"
,,,,,"C"
,,,"RPDFCLEPPYTGPCKARIIRYFYNAKAGLCQTFVYGGCRAKRNNFKSAEDCMRTCGGA",2,"B","2","1EAW"
,,,,,"D"
"1EJM","1EJM",6,"IVGGYTCGANTVPYQVSLNSGYHFCGGSLINSQWVVSAAHCYKSGIQVRLGEDNINVVEGNEQFISASKSIVHPSYNSNTLNNDIMLIKLKSAASLNSRVASISLPTSCASAGTQCLISGWGNTKSSGTSYPDVLKCLKAPILSDSSCKSAYPGQITSNMFCAGYLEGGKDSCQGDSGGPVVCSGKLQGIVSWGSGCAQKNKPGVYTKVCNYVSWIKQTIASN",3,"A","1","1EJM"
,,,,,"C"
,,,,,"E"
,,,"RPDFCLEPPYTGPCRLRIIRYFYNAKAGLCQTFVYGGCRAKRNNFKSAEDCLRTCGGA",3,"B","2","1EJM"
,,,,,"D"
,,,,,"F"
"1F5R","1F5R",2,"EAFPVDDDDKGGYTCQENSVPYQVSLNSGYHFCGGSLINDQWVVSAAHCYKSRIQVRLGEHNINVLEGNEQFVNAAKIIKHPNFDRKTLNNDIMLIKLSSPVKLNARVATVALPSSCAPAGTQCLISGWGNTLSSGVNEPDLLKCLDAPLLPQADCEASYPGKITDNMVCVGFLEGGKDSCQGDSGGPVVCNGELQGIVSWGYGCALPDNPGVYTKVCNYVDWIQDTIAAN",1,"A","1","1F5R"
,,,"RPDFCLEPPYTGPCKARIIRYFYNAKAGLCQTFVYGGCRAKRNNFKSAEDCMRTCGGAIGPWENL",1,"I","2","1F5R"
"1F7Z","1F7Z",2,"EAFPVDDDDAIVGGYTCQENSVPYQVSLNSGYHFCGGSLINDQWVVSAAHCYKSRIQVRLGEHNINVLEGNEQFVNAAKIIKHPNFDRKTLNNDIMLIKLSSPVKLNARVATVALPSSCAPAGTQCLISGWGNTLSSGVNEPDLLQCLDAPLLPQADCEASYPGKITDNMVCVGFLEGGKDSCQGDSGGPVVCNGELQGIVSWGYGCALPDNPGVYTKVCNYVDWIQDTIAAN",1,"A","1","1F7Z"
,,,"RPDFCLEPPYTGPCKARIIRYFYNAKAGLCQTFVYGGCRAKRNNFKSAEDCMRTCGGAIGPWENL",1,"I","2","1F7Z"
"1FAK","1FAK",4,"ANAFLEELRPGSLERECKEEQCSFEEAREIFKDAERTKLFWISYSDGDQCASSPCQNGGSCKDQLQSYICFCLPAFEGRNCETHKDDQLICVNENGGCEQYCSDHTGTKRSCRCHEGYSLLADGVSCTPTVEYPCGKIPILEKRNASKPQGR",1,"L","1","1FAK"
,,,"IVGGKVCPKGECPWQVLLLVNGAQLCGGTLINTIWVVSAAHCFDKIKNWRNLIAVLGEHDLSEHDGDEQSRRVAQVIIPSTYVPGTTNHDIALLRLHQPVVLTDHVVPLCLPERTFSERTLAFVRFSLVSGWGQLLDRGATALELMVLNVPRLMTQDCLQQSRKVGDSPNITEYMFCAGYSDGSKDSCKGDSGGPHATHYRGTWYLTGIVSWGQGCATVGHFGVYTRVSQYIEWLQKLMRSEPRPGVLLRAPFP",1,"H","2","1FAK"
,,,"NTVAAYNLTWKSTNFKTILEWEPKPVNQVYTVQISTKSGDWKSKCFYTTDTECDLTDEIVKDVKQTYLARVFSYPAGNVESTGSAGEPLYENSPEFTPYLETNLGQPTIQSFEQVGTKVNVTVEDERTLVRRNNTFLSLRDVFGKDLIYTLYYWKSSSSGKKTAKTNTNEFLIDVDKGENYCFSVQAVIPSRTVNRKSTDSPVECM",1,"T","3","1FAK"
,,,"APDFCLEPPYDGPCRALHLRYFYNAKAGLCQTFYYGGCLAKRNNFESAEDCMRTC",1,"I","4","1FAK"
"1FAN","1FAN",1,"RPDFCLEPPYTGPCKARIIRYFYNAKAGLCQTFVYGGCRAKRNNAKSAEDCMRTCGGA",1,"A","1","1FAN"
"1FY8","1FY8",2,"EAFPVDDDDKGGYTCQENSVPYQVSLNSGYHFCGGSLINDQWVVSAAHCYKSRIQVRLGEHNINVLEGNEQFVNAAKIIKHPNFDRKTLNNDIMLIKLSSPVKLNARVATVALPSSCAPAGTQCLISGWGNTLSSGVNEPDLLQCLDAPLLPQADCEASYPGKITDNMVCVGFLEGGKDSCQGDSGGPVVCNGELQGIVSWGYGCALPDNPGVYTKVCNYVDWIQDTIAAN",1,"E","1","1FY8"
,,,"RPDFCLEPPYTGPCKARIIRYFYNAKAGLCQTFVYGGCRAKRNNFKSAEDCMRTCGGA",1,"I","2","1FY8"
"1G6X","1G6X",1,"RPDFCLEPPYAGACRARIIRYFYNAKAGLCQTFVYGGCRAKRNNFKSAEDCLRTCGGA",1,"A","1","1G6X"
"1K6U","1K6U",1,"RPDFCLEPPYAGACRARIIRYFYNAKAGLCQTFVYGGCRAKRNNFKSAEDCLRTCGGA",1,"A","1","1K6U"
"1KNT","1KNT",1,"ETDICKLPKDEGTCRDFILKWYYDPNTKSCARFWYGGCGGNENKFGSQKECEKVCAPV",1,"A","1","1KNT"
"1KTH","1KTH",1,"ETDICKLPKDEGTCRDFILKWYYDPNTKSCARFWYGGCGGNENKFGSQKECEKVCAPV",1,"A","1","1KTH"
"1MTN","1MTN",8,"CGVPAIQPVLSGL",2,"E","1","1MTN"
,,,,,"A"
,,,"IVNGEEAVPGSWPWQVSLQDKTGFHFCGGSLINENWVVTAAHCGVTTSDVVVAGEFDQGSSSEKIQKLKIAKVFKNSKYNSLTINNDITLLKLSTAASFSQTVSAVCLPSASDDFAAGTTCVTTGWGLTRY",2,"B","2","1MTN"
,,,,,"F"
,,,"ANTPDRLQQASLPLLSNTNCKKYWGTKIKDAMICAGASGVSSCMGDSGGPLVCKKNGAWTLVGIVSWGSSTCSTSTPGVYARVTALVNWVQQTLAAN",2,"C","3","1MTN"
,,,,,"G"
,,,"RPDFCLEPPYTGPCKARIIRYFYNAKAGLCQTFVYGGCRAKRNNFKSAEDCMRTCGGA",2,"D","4","1MTN"
,,,,,"H"
"1NAG","1NAG",1,"RPDFCLEPPYTGPCKARIIRYFYNAKAGLCQTFVYGGCRAKRGNFKSAEDCMRTCGGA",1,"A","1","1NAG"
"1P2I","1P2I",2,"IVGGYTCGANTVPYQVSLNSGYHFCGGSLINSQWVVSAAHCYKSGIQVRLGEDNINVVEGNEQFISASKSIVHPSYNSNTLNNDIMLIKLKSAASLNSRVASISLPTSCASAGTQCLISGWGNTKSSGTSYPDVLKCLKAPILSDSSCKSAYPGQITSNMFCAGYLEGGKDSCQGDSGGPVVCSGKLQGIVSWGSGCAQKNKPGVYTKVCNYVSWIKQTIASN",1,"A","1","1P2I"
,,,"RPDFCLEPPYTGPCGARIIRYFYNAKAGLCQTFVYGGCRAKRNNFKSAEDCLRTCGGA",1,"I","2","1P2I"
"1P2J","1P2J",2,"IVGGYTCGANTVPYQVSLNSGYHFCGGSLINSQWVVSAAHCYKSGIQVRLGEDNINVVEGNEQFISASKSIVHPSYNSNTLNNDIMLIKLKSAASLNSRVASISLPTSCASAGTQCLISGWGNTKSSGTSYPDVLKCLKAPILSDSSCKSAYPGQITSNMFCAGYLEGGKDSCQGDSGGPVVCSGKLQGIVSWGSGCAQKNKPGVYTKVCNYVSWIKQTIASN",1,"A","1","1P2J"
,,,"RPDFCLEPPYTGPCLARIIRYFYNAKAGLCQTFVYGGCRAKRNNFKSAEDCLRTCGGA",1,"I","2","1P2J"
"1P2K","1P2K",2,"IVGGYTCGANTVPYQVSLNSGYHFCGGSLINSQWVVSAAHCYKSGIQVRLGEDNINVVEGNEQFISASKSIVHPSYNSNTLNNDIMLIKLKSAASLNSRVASISLPTSCASAGTQCLISGWGNTKSSGTSYPDVLKCLKAPILSDSSCKSAYPGQITSNMFCAGYLEGGKDSCQGDSGGPVVCSGKLQGIVSWGSGCAQKNKPGVYTKVCNYVSWIKQTIASN",1,"A","1","1P2K"
,,,"RPDFCLEPPYTGPCVARIIRYFYNAKAGLCQTFVYGGCRAKRNNFKSAEDCLRTCGGA",1,"I","2","1P2K"
"1P2M","1P2M",4,"CGVPAIQPVLSGLSRIVNGEEAVPGSWPWQVSLQDKTGFHFCGGSLINENWVVTAAHCGVTTSDVVVAGEFDQGSSSEKIQKLKIAKVFKNSKYNSLTINNDITLLKLSTAASFSQTVSAVCLPSASDDFAAGTTCVTTGWGLTRYTNANTPDRLQQASLPLLSNTNCKKYWGTKIKDAMICAGASGVSSCMGDSGGPLVCKKNGAWTLVGIVSWGSSTCSTSTPGVYARVTALVNWVQQTLAAN",2,"A","1","1P2M"
,,,,,"C"
,,,"RPDFCLEPPYTGPCGARIIRYFYNAKAGLCQTFVYGGCRAKRNNFKSAEDCLRTCGGA",2,"B","2","1P2M"
,,,,,"D"
"1P2N","1P2N",4,"CGVPAIQPVLSGLSRIVNGEEAVPGSWPWQVSLQDKTGFHFCGGSLINENWVVTAAHCGVTTSDVVVAGEFDQGSSSEKIQKLKIAKVFKNSKYNSLTINNDITLLKLSTAASFSQTVSAVCLPSASDDFAAGTTCVTTGWGLTRYTNANTPDRLQQASLPLLSNTNCKKYWGTKIKDAMICAGASGVSSCMGDSGGPLVCKKNGAWTLVGIVSWGSSTCSTSTPGVYARVTALVNWVQQTLAAN",2,"C","1","1P2N"
,,,,,"A"
,,,"RPDFCLEPPYTGPCLARIIRYFYNAKAGLCQTFVYGGCRAKRNNFKSAEDCLRTCGGA",2,"D","2","1P2N"
,,,,,"B"
"1P2O","1P2O",4,"CGVPAIQPVLSGLSRIVNGEEAVPGSWPWQVSLQDKTGFHFCGGSLINENWVVTAAHCGVTTSDVVVAGEFDQGSSSEKIQKLKIAKVFKNSKYNSLTINNDITLLKLSTAASFSQTVSAVCLPSASDDFAAGTTCVTTGWGLTRYTNANTPDRLQQASLPLLSNTNCKKYWGTKIKDAMICAGASGVSSCMGDSGGPLVCKKNGAWTLVGIVSWGSSTCSTSTPGVYARVTALVNWVQQTLAAN",2,"C","1","1P2O"
,,,,,"A"
,,,"RPDFCLEPPYTGPCVARIIRYFYNAKAGLCQTFVYGGCRAKRNNFKSAEDCLRTCGGA",2,"B","2","1P2O"
,,,,,"D"
"1P2Q","1P2Q",4,"CGVPAIQPVLSGLSRIVNGEEAVPGSWPWQVSLQDKTGFHFCGGSLINENWVVTAAHCGVTTSDVVVAGEFDQGSSSEKIQKLKIAKVFKNSKYNSLTINNDITLLKLSTAASFSQTVSAVCLPSASDDFAAGTTCVTTGWGLTRYTNANTPDRLQQASLPLLSNTNCKKYWGTKIKDAMICAGASGVSSCMGDSGGPLVCKKNGAWTLVGIVSWGSSTCSTSTPGVYARVTALVNWVQQTLAAN",2,"A","1","1P2Q"
,,,,,"C"
,,,"RPDFCLEPPYTGPCFARIIRYFYNAKAGLCQTFVYGGCRAKRNNFKSAEDCLRTCGGA",2,"B","2","1P2Q"
,,,,,"D"
"1QLQ","1QLQ",1,"RPDFCLEPPYAGACRARIIRYFYNAKAGLCQTFVYGGCRAKRNNFKSAEDCLRTCGGA",1,"A","1","1QLQ"
"1T7C","1T7C",4,"CGVPAIQPVLSGLSRIVNGEEAVPGSWPWQVSLQDKTGFHFCGGSLINENWVVTAAHCGVTTSDVVVAGEFDQGSSSEKIQKLKIAKVFKNSKYNSLTINNDITLLKLSTAASFSQTVSAVCLPSASDDFAAGTTCVTTGWGLTRYTNANTPDRLQQASLPLLSNTNCKKYWGTKIKDAMICAGASGVSSCMGDSGGPLVCKKNGAWTLVGIVSWGSSTCSTSTPGVYARVTALVNWVQQTLAAN",2,"A","1","1T7C"
,,,,,"C"
,,,"RPDFCLEPPYTGPCEARIIRYFYNAKAGLCQTFVYGGCRAKRNNFKSAEDCLRTCGGA",2,"B","2","1T7C"
,,,,,"D"
"1T8L","1T8L",4,"CGVPAIQPVLSGLSRIVNGEEAVPGSWPWQVSLQDKTGFHFCGGSLINENWVVTAAHCGVTTSDVVVAGEFDQGSSSEKIQKLKIAKVFKNSKYNSLTINNDITLLKLSTAASFSQTVSAVCLPSASDDFAAGTTCVTTGWGLTRYTNANTPDRLQQASLPLLSNTNCKKYWGTKIKDAMICAGASGVSSCMGDSGGPLVCKKNGAWTLVGIVSWGSSTCSTSTPGVYARVTALVNWVQQTLAAN",2,"A","1","1T8L"
,,,,,"C"
,,,"MRPDFCLEPPYTGPCMARIIRYFYNAKAGLCQTFVYGGCRAKRNNFKSAEDCLRTCGGA",2,"B","2","1T8L"
,,,,,"D"
"1T8M","1T8M",4,"CGVPAIQPVLSGLSRIVNGEEAVPGSWPWQVSLQDKTGFHFCGGSLINENWVVTAAHCGVTTSDVVVAGEFDQGSSSEKIQKLKIAKVFKNSKYNSLTINNDITLLKLSTAASFSQTVSAVCLPSASDDFAAGTTCVTTGWGLTRYTNANTPDRLQQASLPLLSNTNCKKYWGTKIKDAMICAGASGVSSCMGDSGGPLVCKKNGAWTLVGIVSWGSSTCSTSTPGVYARVTALVNWVQQTLAAN",2,"C","1","1T8M"
,,,,,"A"
,,,"RPDFCLEPPYTGPCHARIIRYFYNAKAGLCQTFVYGGCRAKRNNFKSAEDCLRTCGGA",2,"D","2","1T8M"
,,,,,"B"
"1T8N","1T8N",4,"CGVPAIQPVLSGLSRIVNGEEAVPGSWPWQVSLQDKTGFHFCGGSLINENWVVTAAHCGVTTSDVVVAGEFDQGSSSEKIQKLKIAKVFKNSKYNSLTINNDITLLKLSTAASFSQTVSAVCLPSASDDFAAGTTCVTTGWGLTRYTNANTPDRLQQASLPLLSNTNCKKYWGTKIKDAMICAGASGVSSCMGDSGGPLVCKKNGAWTLVGIVSWGSSTCSTSTPGVYARVTALVNWVQQTLAAN",2,"C","1","1T8N"
,,,,,"A"
,,,"RPDFCLEPPYTGPCTARIIRYFYNAKAGLCQTFVYGGCRAKRNNFKSAEDCLRTCGGA",2,"D","2","1T8N"
,,,,,"B"
"1T8O","1T8O",4,"CGVPAIQPVLSGLSRIVNGEEAVPGSWPWQVSLQDKTGFHFCGGSLINENWVVTAAHCGVTTSDVVVAGEFDQGSSSEKIQKLKIAKVFKNSKYNSLTINNDITLLKLSTAASFSQTVSAVCLPSASDDFAAGTTCVTTGWGLTRYTNANTPDRLQQASLPLLSNTNCKKYWGTKIKDAMICAGASGVSSCMGDSGGPLVCKKNGAWTLVGIVSWGSSTCSTSTPGVYARVTALVNWVQQTLAAN",2,"A","1","1T8O"
,,,,,"C"
,,,"RPDFCLEPPYTGPCWARIIRYFYNAKAGLCQTFVYGGCRAKRNNFKSAEDCLRTCGGA",2,"B","2","1T8O"
,,,,,"D"
"1TAW","1TAW",2,"IVGGYTCGANTVPYQVSLNSGYHFCGGSLINSQWVVSAAHCYKSGIQVRLGEDNINVVEGNEQFISASKSIVHPSYNSNTLNNDIMLIKLKSAASLNSRVASISLPTSCASAGTQCLISGWGNTKSSGTSYPDVLKCLKAPILSTSSCKSAYPGQITSNMFCAGYLEGGKDSCQGDSGGPVVCSGKLQGIVSWGSGCAQKNKPGVYTKVCNYVSWIKQTIASN",1,"A","1","1TAW"
,,,"VREVCSEQAETGPCRAMISRWYFDVTEGKCAPFFYGGCGGNRNNFDTEEYCMAVCGSA",1,"B","2","1TAW"
"1TFX","1TFX",4,"IVGGYTCAANSIPYQVSLNSGSHFCGGSLINSQWVVSAAHCYKSRIQVRLGEHNIDVLEGNEQFINAAKIITHPNFNGNTLDNDIMLIKLSSPATLNSRVATVSLPRSCAAAGTECLISGWGNTKSSGSSYPSLLQCLKAPVLSDSSCKSSYPGQITGNMICVGFLEGGKDSCQGDSGGPVVCNGQLQGIVSWGYGCAQKNKPGVYTKVCNYVNWIQQTIAAN",2,"A","1","1TFX"
,,,,,"B"
,,,"KPDFCFLEEDPGICRGYITRYFYNNQTKQCERFKYGGCLGNMNNFETLEECKNICEDG",2,"C","2","1TFX"
,,,,,"D"
"1TPA","1TPA",2,"IVGGYTCGANTVPYQVSLNSGYHFCGGSLINSQWVVSAAHCYKSGIQVRLGEDNINVVEGNEQFISASKSIVHPSYNSNTLNNDIMLIKLKSAASLNSRVASISLPTSCASAGTQCLISGWGNTKSSGTSYPDVLKCLKAPILSDSSCKSAYPGQITSNMFCAGYLEGGKDSCQGDSGGPVVCSGKLQGIVSWGSGCAQKNKPGVYTKVCNYVSWIKQTIASN",1,"E","1","1TPA"
,,,"RPDFCLEPPYTGPCKARIIRYFYNAKAGLCQTFVYGGCRAKRNNFKSAEDCMRTCGGA",1,"I","2","1TPA"
"1Y62","1Y62",6,"KDRPSLCDLPADSGSGTKAEKRIYYNSARKQCLRFDYTGQGGNENNFRRTYDCQRTCLYT",6,"A","1","1Y62"
,,,,,"B"
,,,,,"E"
,,,,,"F"
,,,,,"C"
,,,,,"D"
"1YC0","1YC0",2,"VQLSPDLLATLPEPASPGRQACGRRHKKRTFLRPRIIGGSSSLPGSHPWLAAIYIGDSFCAGSLVHTCWVVSAAHCFSHSPPRDSVSVVLGQHFFNRTTDVTQTFGIEKYIPYTLYSVFNPSDHDLVLIRLKKKGDRCATRSQFVQPICLPEPGSTFPAGHKCQIAGWGHLDENVSGYSSSLREALVPLVADHKCSSPEVYGADISPNMLCAGYFDCKSDACQGDSGGPLACEKNGVAYLYGIISWGDGCGRLHKPGVYTRVANYVDWINDRIRPPRRLVAPS",1,"A","1","1YC0"
,,,"MKHQHQHQHQHQHQMHQTEDYCLASNKVGRCRGSFPRWYYDPTEQICKSFVYGGCLGNKNNYLREEECILACRGV",1,"I","2","1YC0"
"1YKT","1YKT",2,"IVGGYTCQENSVPYQVSLNSGYHFCGGSLINDQWVVSAAHCYKSRIQVRLGEHNINVLEGNEQFVNAAKIIKHPNFDRKTLNNDIMLIKLSSPVKLNARVATVALPSSCAPAGTQCLISGWGNTLSSGVNEPDLLQCLDAPLLPQADCEASYPGKITDNMVCVGFLEGGKDSCQGDAGGPVVCNGELQGIVSWGYGCALPDNPGVYTKVCNYVDWIQDTIAAN",1,"A","1","1YKT"
,,,"RPDFCLEPPYTGPCKARIIRYFYNAKAGLCQTFVYGGCRAKRNNFKSAEDCMRTCG",1,"B","2","1YKT"
"1YLC","1YLC",2,"IVGGYTCQENSVPYQVSLNSGYHFCGGSLINDQWVVSAAHCYKSRIQVRLGEHNINVLEGNEQFVNAAKIIKHPNFDRKTLNNDIMLIKLSSPVKLNARVATVALPSSCAPAGTQCLISGWGNTLSSGVNEPDLLQCLDAPLLPQADCEASYPGKITDNMVCVGFLEGGKDSCQGDAGGPVVCNGELQGIVSWGYGCALPDNPGVYTKVCNYVDWIQDTIAAN",1,"A","1","1YLC"
,,,"RPDFALEPPYTGPCKARIIRYFYNAKAGLAQTFVYGGCRAKRNNFKSAEDAMRTAG",1,"B","2","1YLC"
"1YLD","1YLD",2,"IVGGYTCQENSVPYQVSLNSGYHFCGGSLINDQWVVSAAHCYKSRIQVRLGEHNINVLEGNEQFVNAAKIIKHPNFDRKTLNNDIMLIKLSSPVKLNARVATVALPSSCAPAGTQCLISGWGNTLSSGVNEPDLLQCLDAPLLPQADCEASYPGKITDNMVCVGFLEGGKDSCQGDAGGPVVCNGELQGIVSWGYGCALPDNPGVYTKVCNYVDWIQDTIAAN",1,"A","1","1YLD"
,,,"RPDFALEPPYTGPCKARIIRYFYNAPDGLAQTFVYGGCRAKRNNFKSAEDAMRTAG",1,"B","2","1YLD"
"1ZJD","1ZJD",2,"IVGGTASVRGEWPWQVTLHTTSPTQRHLCGGSIIGNQWILTAAHCFYGVESPKILRVYSGILNQAEIKEDTSFFGVQEIIIHDQYKMAESGYDIALLKLETTVNYADSQRPISLPSKGDRNVIYTDCWVTGWGYRKLRDKIQNTLQKAKIPLVTNEECQKRYRGHKITHKMICAGYREGGKDACKGDSGGPLSCKHNEVWHLVGITSWGEGCAQRERPGVYTNVVEYVDWILEKTQA",1,"A","1","1ZJD"
,,,"EVCSEQAETGPCRAMISRWYFDVTEGKCAPFFYGGCGGNRNNFDTEEYCMAVCGSAI",1,"B","2","1ZJD"
"1ZR0","1ZR0",4,"IVGGYTCGANTVPYQVSLNSGYHFCGGSLINSQWVVSAAHCYKSGIQVRLGEDNINVVEGNEQFISASKSIVHPSYNSNTLNNDIMLIKLKSAASLNSRVASISLPTSCASAGTQCLISGWGNTKSSGTSYPDVLKCLKAPILSTSSCKSAYPGQITSNMFCAGYLEGGKDSCQGDSGGPVVCSGKLQGIVSWGSGCAQKNKPGVYTKVCNYVSWIKQTIASN",2,"A","1","1ZR0"
,,,,,"C"
,,,"PTGNNAEICLLPLDYGPCRALLLRYYYDRYTQSCRQFLYGGCEGNANNFYTWEACDDACWRIE",2,"B","2","1ZR0"
,,,,,"D"
"2FI3","2FI3",2,"RPDFCLEPPYTGPSKARIIRYFYNAKAGLCQTFVYGGSRAKRNNFKSAEDCMRTCGGA",1,"I","2","2FI3"
,,,"IVGGYTCGANTVPYQVSLNSGYHFCGGSLINSQWVVSAAHCYKSGIQVRLGEDNINVVEGNEQFISASKSIVHPSYNSNTLNNDIMLIKLKSAASLNSRVASISLPTSCASAGTQCLISGWGNTKSSGTSYPDVLKCLKAPILSDSSCKSAYPGQITSNMFCAGYLEGGKDSCQGDSGGPVVCSGKLQGIVSWGSGCAQKNKPGVYTKVCNYVSWIKQTIASN",1,"E","1","2FI3"
"2FI4","2FI4",2,"IVGGYTCGANTVPYQVSLNSGYHFCGGSLINSQWVVSAAHCYKSGIQVRLGEDNINVVEGNEQFISASKSIVHPSYNSNTLNNDIMLIKLKSAASLDSRVASISLPTSCASAGTQCLISGWGNTKSSGTSYPDVLKCLKAPILSDSSCKSAYPGQITSNMFCAGYLEGGKDSCQGDSGGPVVCSGKLQGIVSWGSGCAQKNKPGVYTKVCNYVSWIKQTIASN",1,"E","1","2FI4"
,,,"RPDFCLEPPYTGPSKARIIRYFYNAKAGLCQTFVYGGCRAKRNNFKSAEDCMRTCGGA",1,"I","2","2FI4"
"2FI5","2FI5",2,"IVGGYTCGANTVPYQVSLNSGYHFCGGSLINSQWVVSAAHCYKSGIQVRLGEDNINVVEGNEQFISASKSIVHPSYNSNTLNNDIMLIKLKSAASLDSRVASISLPTSCASAGTQCLISGWGNTKSSGTSYPDVLKCLKAPILSDSSCKSAYPGQITSNMFCAGYLEGGKDSCQGDSGGPVVCSGKLQGIVSWGSGCAQKNKPGVYTKVCNYVSWIKQTIASN",1,"E","1","2FI5"
,,,"RPDFCLEPPYTGPCKARIIRYFYNAKAGLCQTFVYGGSRAKRNNFKSAEDCMRTCGGA",1,"I","2","2FI5"
"2FTL","2FTL",2,"RPDFCLEPPYTGPCKARIIRYFYNAKAGLCQTFVYGGCRAKRNNFKSAEDCMRTCGGA",1,"I","2","2FTL"
,,,"IVGGYTCGANTVPYQVSLNSGYHFCGGSLINSQWVVSAAHCYKSGIQVRLGEDNINVVEGNEQFISASKSIVHPSYNSNTLNNDIMLIKLKSAASLDSRVASISLPTSCASAGTQCLISGWGNTKSSGTSYPDVLKCLKAPILSDSSCKSAYPGQITSNMFCAGYLEGGKDSCQGDSGGPVVCSGKLQGIVSWGSGCAQKNKPGVYTKVCNYVSWIKQTIASN",1,"E","1","2FTL"
"2FTM","2FTM",2,"IVGGYTCGANTVPYQVSLNSGYHFCGGSLINSQWVVSAAHCYKSGIQVRLGEDNINVVEGNEQFISASKSIVHPSYNSNTLNNDIMLIKLKSAASLDSRVASISLPTSCASAGTQCLISGWGNTKSSGTSYPDVLKCLKAPILSDSSCKSAYPGQITSNMFCAGYLEGGKDSCQGDSGGPVVCSGKLQGIVSWGSGCAQKNKPGVYTKVCNYVSWIKQTIASN",1,"A","1","2FTM"
,,,"RPDFCLEPPYTGPCKARIIRYFYNAKAGLCQTFVGGGCRAKRNNFKSAEDCMRTCGGA",1,"B","2","2FTM"
"2HEX","2HEX",5,"RPDFCLEPPYTGPCKARIIRYFYNAKAGLCQTFVYGGCRAKRNNFKSAEDCMRTCGGA",5,"A","1","2HEX"
,,,,,"B"
,,,,,"C"
,,,,,"E"
,,,,,"D"
"2IJO","2IJO",3,"MSTDMWIERTADISWESDAEITGSSERVDVRLDDDGNFQLMNDPGAPWAGGGGSGGGG",1,"A","1","2IJO"
,,,"GGVLWDTPSPKEYKKGDTTTGVYRIMTRGLLGSYQAGAGVMVEGVFHTLWHTTKGAALMSGEGRLDPYWGSVKEDRLCYGGPWQLQHKWNGQDEVQMIVVEPGRNVKNVQTKPGVFKTPEGEIGAVTLDFPTGTSGSPIVDKNGDVIGLYGNGVIMPNGSYISAIVQGERMDEPIPAGFEPEMLKGHHHHHH",1,"B","2","2IJO"
,,,"RPDFCLEPPYTGPCKARIIRYFYNAKAGLCQTFVYGGCRAKRNNFKSAEDCMRTCGGA",1,"I","3","2IJO"
"2KAI","2KAI",3,"IIGGRECEKNSHPWQVAIYHYSSFQCGGVLVNPKWVLTAAHCKNDNYEVWLGRHNLFENENTAQFFGVTADFPHPGFNLS",1,"A","1","2KAI"
,,,"ADGKDYSHDLMLLRLQSPAKITDAVKVLELPTQEPELGSTCEASGWGSIEPGPDDFEFPDEIQCVQLTLLQNTFCADAHPDKVTESMLCAGYLPGGKDTCMGDSGGPLICNGMWQGITSWGHTPCGSANKPSIYTKLIFYLDWIDDTITENP",1,"B","2","2KAI"
,,,"RPDFCLEPPYTGPCKARIIRYFYNAKAGLCQTFVYGGCRAKRNNFKSAEDCMRTCGGA",1,"I","3","2KAI"
"2KNT","2KNT",1,"ETDICKLPKDEGTCRDFILKWYYDPNTKSCARFWYGGCGGNENKFGSQKECEKVCAPV",1,"A","1","2KNT"
"2ODY","2ODY",6,"TSEDHFQPFFNEKTFGAGEADCGLRPLFEKKQVQDQTEKELFESYIEGR",2,"A","1","2ODY"
,,,,,"C"
,,,"IVEGQDAEVGLSPWQVMLFRKSPQELLCGASLISDRWVLTAAHCLLYPPWDKNFTVDDLLVRIGKHSRTRYERKVEKISMLDKIYIHPRYNWKENLDRDIALLKLKRPIELSDYIHPVCLPDKQTAAKLLHAGFKGRVTGWGNRRETWTTSVAEVQPSVLQVVNLPLVERPVCKASTRIRITDNMFCAGYKPGEGKRGDACEGDSGGPFVMKSPYNNRWYQMGIVSWGEGCDRDGKYGFYTHVFRLKKWIQKVIDRLGS",2,"B","2","2ODY"
,,,,,"D"
,,,"QRNGFCRLPADEGICKALIPRFYFNTETGKCTMFSYGGCGGNENNFETIEECQKACGAPERVNDFESADFKTGCEPAADSGSCAGQLERWFYNVQSGECETFVYGGCGGNDNNYESEEECELVCKNM",2,"E","3","2ODY"
,,,,,"F"
"2PTC","2PTC",2,"RPDFCLEPPYTGPCKARIIRYFYNAKAGLCQTFVYGGCRAKRNNFKSAEDCMRTCGGA",1,"I","2","2PTC"
,,,"IVGGYTCGANTVPYQVSLNSGYHFCGGSLINSQWVVSAAHCYKSGIQVRLGEDNINVVEGNEQFISASKSIVHPSYNSNTLNNDIMLIKLKSAASLNSRVASISLPTSCASAGTQCLISGWGNTKSSGTSYPDVLKCLKAPILSDSSCKSAYPGQITSNMFCAGYLEGGKDSCQGDSGGPVVCSGKLQGIVSWGSGCAQKNKPGVYTKVCNYVSWIKQTIASN",1,"E","1","2PTC"
"2R9P","2R9P",8,"IVGGYTCEENSLPYQVSLNSGSHFCGGSLISEQWVVSAAHCYKTRIQVRLGEHNIKVLEGNEQFINAAKIIRHPKYNRDTLDNDIMLIKLSSPAVINARVSTISLPTAPPAAGTECLISGWGNTLSFGADYPDELKCLDAPVLTQAECKASYPGKITNSMFCVGFLEGGKDSCQRDAGGPVVCNGQLQGVVSWGHGCAWKNRPGVYTKVYNYVDWIKDTIAANS",4,"A","1","2R9P"
,,,,,"B"
,,,,,"C"
,,,,,"D"
,,,"RPDFCLEPPYTGPCKARIIRYFYNAKAGLCQTFVYGGCRAKRNNFKSAEDCMRTCGGA",4,"E","2","2R9P"
,,,,,"F"
,,,,,"G"
,,,,,"I"
"2RA3","2RA3",4,"IVGGYNCEENSVPYQVSLNSGYHFCGGSLINEQWVVSAGHCYKSRIQVRLGEHNIEVLEGNEQFINAAKIIRHPQYDRKTLNNDIMLIKLSSRAVINAHVSTISLPTAPPATGTKCLISGWGNTASSGADYPDELQCLDAPVLSQAKCEASYPGKITSNMFCVGFLEGGKDSCQGDAGGPVVCNGQLQGVVSWGDGCAQKNKPGVYTKVYNYVKWIKNTIAANS",2,"A","1","2RA3"
,,,,,"B"
,,,"RPDFCLEPPYTGPCKARIIRYFYNAKAGLCQTFVYGGCRAKRNNFKSAEDCMRTCGGA",2,"I","2","2RA3"
,,,,,"C"
"2TGP","2TGP",2,"VDDDDKIVGGYTCGANTVPYQVSLNSGYHFCGGSLINSQWVVSAAHCYKSGIQVRLGEDNINVVEGNEQFISASKSIVHPSYNSNTLNNDIMLIKLKSAASLNSRVASISLPTSCASAGTQCLISGWGNTKSSGTSYPDVLKCLKAPILSDSSCKSAYPGQITSNMFCAGYLEGGKDSCQGDSGGPVVCSGKLQGIVSWGSGCAQKNKPGVYTKVCNYVSWIKQTIASN",1,"Z","1","2TGP"
,,,"RPDFCLEPPYTGPCKARIIRYFYNAKAGLCQTFVYGGCRAKRNNFKSAEDCMRTCGGA",1,"I","2","2TGP"
"2TPI","2TPI",2,"VDDDDKIVGGYTCGANTVPYQVSLNSGYHFCGGSLINSQWVVSAAHCYKSGIQVRLGEDNINVVEGNEQFISASKSIVHPSYNSNTLNNDIMLIKLKSAASLNSRVASISLPTSCASAGTQCLISGWGNTKSSGTSYPDVLKCLKAPILSDSSCKSAYPGQITSNMFCAGYLEGGKDSCQGDSGGPVVCSGKLQGIVSWGSGCAQKNKPGVYTKVCNYVSWIKQTIASN",1,"Z","1","2TPI"
,,,"RPDFCLEPPYTGPCKARIIRYFYNAKAGLCQTFVYGGCRAKRNNFKSAEDCMRTCGGA",1,"I","2","2TPI"
"2ZJX","2ZJX",2,"RPDFCLEPPYTGPGKARIIRYFYNAKAGLAQTFVYGGARAKRNNFKSAEDALRTCGGA",2,"A","1","2ZJX"
,,,,,"B"
"2ZVX","2ZVX",2,"RPDFCLEPPYTGPGKARIIRYFYNAKAGLAQTFVYGGVRAKRNNFKSAEDALRTCGGA",2,"A","1","2ZVX"
,,,,,"B"
"3BTD","3BTD",2,"IVGGYTCGANTVPYQVSLNSGYHFCGGSLINSQWVVSAAHCYKSGIQVRLGEDNINVVEGNEQFISASKSIVHPSYNSNTLNNDIMLIKLKSAASLNSRVASISLPTSCASAGTQCLISGWGNTKSSGTSYPDVLKCLKAPILSDSSCKSAYPGQITSNMFCAGYLEGGKDSCQGDSGGPVVCSGKLQGIVSWGSGCAQKNKPGVYTKVCNYVSWIKQTIASN",1,"E","1","3BTD"
,,,"RPDFCLEPPYTGPCDARIIRYFYNAKAGLCQTFVYGGCRAKRNNFKSAEDCLRTCGGA",1,"I","2","3BTD"
"3BTE","3BTE",2,"RPDFCLEPPYTGPCEARIIRYFYNAKAGLCQTFVYGGCRAKRNNFKSAEDCLRTCGGA",1,"I","2","3BTE"
,,,"IVGGYTCGANTVPYQVSLNSGYHFCGGSLINSQWVVSAAHCYKSGIQVRLGEDNINVVEGNEQFISASKSIVHPSYNSNTLNNDIMLIKLKSAASLNSRVASISLPTSCASAGTQCLISGWGNTKSSGTSYPDVLKCLKAPILSDSSCKSAYPGQITSNMFCAGYLEGGKDSCQGDSGGPVVCSGKLQGIVSWGSGCAQKNKPGVYTKVCNYVSWIKQTIASN",1,"E","1","3BTE"
"3BTF","3BTF",2,"IVGGYTCGANTVPYQVSLNSGYHFCGGSLINSQWVVSAAHCYKSGIQVRLGEDNINVVEGNEQFISASKSIVHPSYNSNTLNNDIMLIKLKSAASLNSRVASISLPTSCASAGTQCLISGWGNTKSSGTSYPDVLKCLKAPILSDSSCKSAYPGQITSNMFCAGYLEGGKDSCQGDSGGPVVCSGKLQGIVSWGSGCAQKNKPGVYTKVCNYVSWIKQTIASN",1,"E","1","3BTF"
,,,"RPDFCLEPPYTGPCFARIIRYFYNAKAGLCQTFVYGGCRAKRNNFKSAEDCLRTCGGA",1,"I","2","3BTF"
"3BTG","3BTG",2,"IVGGYTCGANTVPYQVSLNSGYHFCGGSLINSQWVVSAAHCYKSGIQVRLGEDNINVVEGNEQFISASKSIVHPSYNSNTLNNDIMLIKLKSAASLNSRVASISLPTSCASAGTQCLISGWGNTKSSGTSYPDVLKCLKAPILSDSSCKSAYPGQITSNMFCAGYLEGGKDSCQGDSGGPVVCSGKLQGIVSWGSGCAQKNKPGVYTKVCNYVSWIKQTIASN",1,"E","1","3BTG"
,,,"RPDFCLEPPYTGPCGARIIRYFYNAKAGLCQTFVYGGCRAKRNNFKSAEDCLRTCGGA",1,"I","2","3BTG"
"3BTH","3BTH",2,"IVGGYTCGANTVPYQVSLNSGYHFCGGSLINSQWVVSAAHCYKSGIQVRLGEDNINVVEGNEQFISASKSIVHPSYNSNTLNNDIMLIKLKSAASLNSRVASISLPTSCASAGTQCLISGWGNTKSSGTSYPDVLKCLKAPILSDSSCKSAYPGQITSNMFCAGYLEGGKDSCQGDSGGPVVCSGKLQGIVSWGSGCAQKNKPGVYTKVCNYVSWIKQTIASN",1,"E","1","3BTH"
,,,"RPDFCLEPPYTGPCHARIIRYFYNAKAGLCQTFVYGGCRAKRNNFKSAEDCLRTCGGA",1,"I","2","3BTH"
"3BTK","3BTK",2,"IVGGYTCGANTVPYQVSLNSGYHFCGGSLINSQWVVSAAHCYKSGIQVRLGEDNINVVEGNEQFISASKSIVHPSYNSNTLNNDIMLIKLKSAASLNSRVASISLPTSCASAGTQCLISGWGNTKSSGTSYPDVLKCLKAPILSDSSCKSAYPGQITSNMFCAGYLEGGKDSCQGDSGGPVVCSGKLQGIVSWGSGCAQKNKPGVYTKVCNYVSWIKQTIASN",1,"E","1","3BTK"
,,,"RPDFCLEPPYTGPCKARIIRYFYNAKAGLCQTFVYGGCRAKRNNFKSAEDCMRTCGGA",1,"I","2","3BTK"
"3BTM","3BTM",2,"IVGGYTCGANTVPYQVSLNSGYHFCGGSLINSQWVVSAAHCYKSGIQVRLGEDNINVVEGNEQFISASKSIVHPSYNSNTLNNDIMLIKLKSAASLNSRVASISLPTSCASAGTQCLISGWGNTKSSGTSYPDVLKCLKAPILSDSSCKSAYPGQITSNMFCAGYLEGGKDSCQGDSGGPVVCSGKLQGIVSWGSGCAQKNKPGVYTKVCNYVSWIKQTIASN",1,"E","1","3BTM"
,,,"RPDFCLEPPYTGPCMARIIRYFYNAKAGLCQTFVYGGCRAKRNNFKSAEDCLRTCGGA",1,"I","2","3BTM"
"3BTQ","3BTQ",2,"IVGGYTCGANTVPYQVSLNSGYHFCGGSLINSQWVVSAAHCYKSGIQVRLGEDNINVVEGNEQFISASKSIVHPSYNSNTLNNDIMLIKLKSAASLNSRVASISLPTSCASAGTQCLISGWGNTKSSGTSYPDVLKCLKAPILSDSSCKSAYPGQITSNMFCAGYLEGGKDSCQGDSGGPVVCSGKLQGIVSWGSGCAQKNKPGVYTKVCNYVSWIKQTIASN",1,"E","1","3BTQ"
,,,"RPDFCLEPPYTGPCQARIIRYFYNAKAGLCQTFVYGGCRAKRNNFKSAEDCLRTCGGA",1,"I","2","3BTQ"
"3BTT","3BTT",2,"IVGGYTCGANTVPYQVSLNSGYHFCGGSLINSQWVVSAAHCYKSGIQVRLGEDNINVVEGNEQFISASKSIVHPSYNSNTLNNDIMLIKLKSAASLNSRVASISLPTSCASAGTQCLISGWGNTKSSGTSYPDVLKCLKAPILSDSSCKSAYPGQITSNMFCAGYLEGGKDSCQGDSGGPVVCSGKLQGIVSWGSGCAQKNKPGVYTKVCNYVSWIKQTIASN",1,"E","1","3BTT"
,,,"RPDFCLEPPYTGPCTARIIRYFYNAKAGLCQTFVYGGCRAKRNNFKSAEDCLRTCGGA",1,"I","2","3BTT"
"3BTW","3BTW",2,"RPDFCLEPPYTGPCWARIIRYFYNAKAGLCQTFVYGGCRAKRNNFKSAEDCLRTCGGA",1,"I","2","3BTW"
,,,"IVGGYTCGANTVPYQVSLNSGYHFCGGSLINSQWVVSAAHCYKSGIQVRLGEDNINVVEGNEQFISASKSIVHPSYNSNTLNNDIMLIKLKSAASLNSRVASISLPTSCASAGTQCLISGWGNTKSSGTSYPDVLKCLKAPILSDSSCKSAYPGQITSNMFCAGYLEGGKDSCQGDSGGPVVCSGKLQGIVSWGSGCAQKNKPGVYTKVCNYVSWIKQTIASN",1,"E","1","3BTW"
"3BYB","3BYB",3,"KDRPDFCELPADTGPCRVRFPSFYYNPDEKKCLEFIYGGCEGNANNFITKEECESTCAA",3,"A","1","3BYB"
,,,,,"B"
,,,,,"C"
"3D65","3D65",2,"IVGGYTCGANTVPYQVSLNSGYHFCGGSLINSQWVVSAAHCYKSGIQVRLGEDNINVVEGNEQFISASKSIVHPSYNSNTLNNDIMLIKLKSAASLNSRVASISLPTSCASAGTQCLISGWGNTKSSGTSYPDVLKCLKAPILSDSSCKSAYPGQITSNMFCAGYLEGGKDSCQGDSGGPVVCSGKLQGIVSWGSGCAQKNKPGVYTKVCNYVSWIKQTIASN",1,"E","2","3D65"
,,,"RPDFCELPADTGPCRVRFPSFYYNPDEKKCLEFIYGGCEGNANNFITKEECESTCAA",1,"I","1","3D65"
"3FP6","3FP6",2,"IVGGYTCQENSVPYQVSLNSGYHFCGGSLINDQWVVSAAHCYKSRIQVRLGEHNINVLEGNEQFVNAAKIIKHPNFDRKTLNNDIMLIKLSSPVKLNARVATVALPSSCAPAGTQCLISGWGNTLSSGVNEPDLLQCLDAPLLPQADCEASYPGKITDNMVCVGFLEGGKDSCQGDSGGPVVCNGELQGIVSWGYGCALPDNPGVYTKVCNYVDWIQDTIAAN",1,"E","1","3FP6"
,,,"RPDFCLEPPYTGPCKARIIRYFYNAKAGLCQTFVYGGCRAKRNNFKSAEDCMRTCGGA",1,"I","2","3FP6"
"3FP7","3FP7",3,"RPDFCLEPPYTGPCK",1,"I","2","3FP7"
,,,"IVGGYTCQENSVPYQVSLNSGYHFCGGSLINDQWVVSAAHCYKSRIQVRLGEHNINVLEGNEQFVNAAKIIKHPNFDRKTLNNDIMLIKLSSPVKLNARVATVALPSSCAPAGTQCLISGWGNTLSSGVNEPDLLQCLDAPLLPQADCEASYPGKITDNMVCVGFLEGGKDSCQGDAGGPVVCNGELQGIVSWGYGCALPDNPGVYTKVCNYVDWIQDTIAAN",1,"E","1","3FP7"
,,,"ARIIRYFYNAKAGLCQTFVYGGCRAKRNNFKSAEDCMRTCGGA",1,"J","3","3FP7"
"3FP8","3FP8",2,"IVGGYTCQENSVPYQVSLNSGYHFCGGSLINDQWVVSAAHCYKSRIQVRLGEHNINVLEGNEQFVNAAKIIKHPNFDRKTLNNDIMLIKLSSPVKLNARVATVALPSSCAPAGTQCLISGWGNTLSSGVNEPDLLQCLDAPLLPQADCEASYPGKITDNMVCVGFLEGGKDSCQGDAGGPVVCNGELQGIVSWGYGCALPDNPGVYTKVCNYVDWIQDTIAAN",1,"E","1","3FP8"
,,,"RPDFCLEPPYTGPCKARIIRYFYNAKAGLCQTFVYGGCRAKRNNFKSAEDCMRTCGGA",1,"I","2","3FP8"
"3GYM","3GYM",4,"ITGGSSAVAGQWPWQVSITYEGVHVCGGSLVSEQWVLSAAHCFPSEHHKEAYEVKLGAHQLDSYSEDAKVSTLKDIIPHPSYLQEGSQGDIALLQLSRPITFSRYIRPISLPAAQASFPNGLHCTVTGWGHVAPSVSLLTPKPLQQLEVPLISRETCNSLYNIDAKPEEPHFVQEDMVCAGYVEGGKDACQGDSGGPLSCPVEGLWYLTGIVSWGDACGARNRPGVYTLASSYASWIQSKVTELQPRVVPQTQESQPDSNL",2,"A","1","3GYM"
,,,,,"B"
,,,"RPDFCLEPPYTGPCKARIIRYFYNAKAGLCQTFVYGGCRAKRNNFKSAEDCMRTCGGA",2,"I","2","3GYM"
,,,,,"J"
"3L33","3L33",8,"IVGGYTCEENSLPYQVSLNSGSHFCGGSLISEQWVVSAAHCYKTRIQVRLGEHNIKVLEGNEQFINAAKIIRHPKYNRDTLDNDIMLIKLSSPAVINARVSTISLPTAPPAAGTECLISGWGNTLSFGADYPDELKCLDAPVLTQAECKASYPGKITNSMFCVGFLEGGKDSCQRDAGGPVVCNGQLQGVVSWGHGCAWKNRPGVYTKVYNYVDWIKDTIAANS",4,"A","1","3L33"
,,,,,"B"
,,,,,"C"
,,,,,"D"
,,,"VCSEQAETGPCRAMISRWYFDVTEGKCAPFFYGGCGGNRNNFDTEEYCMAVC",4,"E","2","3L33"
,,,,,"F"
,,,,,"G"
,,,,,"H"
"3LDI","3LDI",5,"RPDFCLEPPYTGPCKARIIRYFYNAKAGLCQTFVYGGCRAKRNNFKSAEDCMRTCGGA",5,"A","1","3LDI"
,,,,,"B"
,,,,,"C"
,,,,,"D"
,,,,,"E"
"3LDJ","3LDJ",3,"RPDFCLEPPYTGPCKARIIRYFYNAKAGLCQTFVYGGCRAKRNNFKSAEDCMRTCGGA",3,"A","1","3LDJ"
,,,,,"B"
,,,,,"C"
"3LDM","3LDM",5,"RPDFCLEPPYTGPCKARIIRYFYNAKAGLCQTFVYGGCRAKRNNFKSAEDCMRTCGGA",5,"B","1","3LDM"
,,,,,"C"
,,,,,"E"
,,,,,"A"
,,,,,"D"
"3M7Q","3M7Q",2,"IVGGYTCGANTVPYQVSLNSGYHFCGGSLINSQWVVSAAHCYKSGIQVRLGEDNINVVEGNEQFISASKSIVHPSYNSNTLNNDIMLIKLKSAASLNSRVASISLPTSCASAGTQCLISGWGNTKSSGTSYPDVLKCLKAPILSDSSCKSAYPGQITSNMFCAGYLEGGKDSCQGDSGGPVVCSGKLQGIVSWGSGCAQKNKPGVYTKVCNYVSWIKQTIASN",1,"A","1","3M7Q"
,,,"EAEASICSEPKKVGRCKGYFPRFYFDSETGKCTPFIYGGCGGNGNNFETLHQCRAICRALG",1,"B","2","3M7Q"
"3OFW","3OFW",1,"EAEASICSEPKKVGRCKGYFPRFYFDSETGKCTPFIYGGCGGNGNNFETLHQCRAICRLG",1,"A","1","3OFW"
"3OTJ","3OTJ",2,"IVGGYTCGANTVPYQVSLNSGYHFCGGSLINSQWVVSAAHCYKSGIQVRLGEDNINVVEGNEQFISASKSIVHPSYNSNTLNNDIMLIKLKSAASLNSRVASISLPTSCASAGTQCLISGWGNTKSSGTSYPDVLKCLKAPILSDSSCKSAYPGQITSNMFCAGYLEGGKDSCQGDSGGPVVCSGKLQGIVSWGSGCAQKNKPGVYTKVCNYVSWIKQTIASN",1,"E","1","3OTJ"
,,,"RPDFCLEPPYTGPCKARIIRYFYNAKAGLCQTFVYGGCRAKRNNFKSAEDCMRTCGGA",1,"I","2","3OTJ"
"3P92","3P92",2,"IVGGYTCEENSLPYQVSLNSGSHFCGGSLISEQWVVSAAHCYKTRIQVRLGEHNIKVLEGNEQFINAAKIIRHPKYNRDTLDNDIMLIKLSSPAVINARVSTISLPTAPPAAGTECLISGWGNTLSFGADYPDELKCLDAPVLTQAECKASYPGKITNSMFCVGFLEGGKDSCQRDAGGPVVCNGQLQGVVSWGHGCAWKNRPGVYTKVYNYVDWIKDTIAANS",1,"A","1","3P92"
,,,"RPDFCLEPPYTGPCRAGIIRYFYNAKAGLCQTFVYGGCRAKRNNFKSAEDCMRTCGGA",1,"E","2","3P92"
"3P95","3P95",2,"IVGGYTCEENSLPYQVSLNSGSHFCGGSLISEQWVVSAAHCYKTRIQVRLGEHNIKVLEGNEQFINAAKIIRHPKYNRDTLDNDIMLIKLSSPAVINARVSTISLPTAPPAAGTECLISGWGNTLSFGADYPDELKCLDAPVLTQAECKASYPGKITNSMFCVGFLEGGKDSCQRDAGGPVVCNGQLQGVVSWGHGCAWKNRPGVYTKVYNYVDWIKDTIAANS",1,"A","1","3P95"
,,,"RPDFCLEPPYTGPCRADIIRYFYNAKAGLCQTFVYGGCRAKRNNFKSAEDCMRTCGGA",1,"E","2","3P95"
"3T62","3T62",6,"CGVPAIQPVLSGLSRIVNGEEAVPGSWPWQVSLQDKTGFHFCGGSLINENWVVTAAHCGVTTSDVVVAGEFDQGSSSEKIQKLKIAKVFKNSKYNSLTINNDITLLKLSTAASFSQTVSAVCLPSASDDFAAGTTCVTTGWGLTRYTNANTPDRLQQASLPLLSNTNCKKYWGTKIKDAMICAGASGVSSCMGDSGGPLVCKKNGAWTLVGIVSWGSSTCSTSTPGVYARVTALVNWVQQTLAAN",3,"A","1","3T62"
,,,,,"B"
,,,,,"C"
,,,"SICSEPKKVGRCKGYFPRFYFDSETGKCTPFIYGGCGGNGNNFETLHQCRAICR",3,"D","2","3T62"
,,,,,"E"
,,,,,"F"
"3TGI","3TGI",2,"IVGGYTCQENSVPYQVSLNSGYHFCGGSLINDQWVVSAAHCYKSRIQVRLGEHNINVLEGNEQFVNAAKIIKHPNFDRKTLNNDIMLIKLSSPVKLNARVATVALPSSCAPAGTQCLISGWGNTLSSGVNEPDLLQCLDAPLLPQADCEASYPGKITDNMVCVGFLEGGKDSCQGDSGGPVVCNGELQGIVSWGYGCALPDNPGVYTKVCNYVDWIQDTIAAN",1,"E","1","3TGI"
,,,"RPDFCLEPPYTGPCKARIIRYFYNAKAGLCQTFVYGGCRAKRNNFKSAEDCMRTCGGAIGPWENL",1,"I","2","3TGI"
"3TGJ","3TGJ",2,"EAFPVDDDDKIVGGYTCQENSVPYQVSLNSGYHFCGGSLINDQWVVSAAHCYKSRIQVRLGEHNINVLEGNEQFVNAAKIIKHPNFDRKTLNNDIMLIKLSSPVKLNARVATVALPSSCAPAGTQCLISGWGNTLSSGVNEPDLLQCLDAPLLPQADCEASYPGKITDNMVCVGFLEGGKDSCQGDAGGPVVCNGELQGIVSWGYGCALPDNPGVYTKVCNYVDWIQDTIAAN",1,"E","1","3TGJ"
,,,"RPDFCLEPPYTGPCKARIIRYFYNAKAGLCQTFVYGGCRAKRNNFKSAEDCMRTCGGAIGPWENL",1,"I","2","3TGJ"
"3TGK","3TGK",2,"EAFPVDDDDKGGYTCQENSVPYQVSLNSGYHFCGGSLINDQWVVSAAHCYKSRIQVRLGEHNINVLEGNEQFVNAAKIIKHPNFDRKTLNNDIMLIKLSSPVKLNARVATVALPSSCAPAGTQCLISGWGNTLSSGVNEPDLLQCLDAPLLPQADCEASYPGKITDNMVCVGFLEGGKDSCQGNSGGPVVCNGELQGIVSWGYGCALPDNPGVYTKVCNYVDWIQDTIAAN",1,"E","1","3TGK"
,,,"RPDFCLEPPYTGPCKARIIRYFYNAKAGLCQTFVYGGCRAKRNNFKSAEDCMRTCGGAIGPWENL",1,"I","2","3TGK"
"3TPI","3TPI",2,"VDDDDKIVGGYTCGANTVPYQVSLNSGYHFCGGSLINSQWVVSAAHCYKSGIQVRLGEDNINVVEGNEQFISASKSIVHPSYNSNTLNNDIMLIKLKSAASLNSRVASISLPTSCASAGTQCLISGWGNTKSSGTSYPDVLKCLKAPILSDSSCKSAYPGQITSNMFCAGYLEGGKDSCQGDSGGPVVCSGKLQGIVSWGSGCAQKNKPGVYTKVCNYVSWIKQTIASN",1,"Z","1","3TPI"
,,,"RPDFCLEPPYTGPCKARIIRYFYNAKAGLCQTFVYGGCRAKRNNFKSAEDCMRTCGGA",1,"I","2","3TPI"
"3U1J","3U1J",3,"GGGGSGGGGSGVLWDVPSPPETQKAELEEGVYRIKQQGIFGKTQVGVGVQKEGVFHTMWHVTRGAVLTHNGKRLEPNWASVKKDLISYGGGWRLSAQWQKGEEVQVIAVEPGKNPKNFQTMPGTFQTTTGEIGAIALDFKPGTSGSPIINREGKVVGLYGNGVVTKNGGYVSGIAQTNAEPDGPTPELEEE",1,"B","2","3U1J"
,,,"GPLGSDLTVEKAADVTWEEEAEQTGVSHNLMITVDDDGTMRIKDDETENIL",1,"A","1","3U1J"
,,,"RPDFCLEPPYTGPCKARIIRYFYNAKAGLCQTFVYGGCRAKRNNFKSAEDCMRTCGGA",1,"E","3","3U1J"
"3UIR","3UIR",4,"KDRPDFCELPADTGPCRVRFPSFYYNPDEKKCLEFIYGGCEGNANNFITKEECESTCAA",2,"D","2","3UIR"
,,,,,"C"
,,,"SFDCGKPQVEPKKCPGRVVGGCVAHPHSWPWQVSLRTRFGMHFCGGTLISPEWVLTAAHCLEKSPRPSSYKVILGAHQEVNLEPHVQEIEVSRLFLEPTRKDIALLKLSSPAVITDKVIPACLPSPNYVVADRTECFITGWGETQGTFGAGLLKEAQLPVIENKVCNRYEFLNGRVQSTELCAGHLAGGTDSCQGDSGGPLVCFEKDKYILQGVTSWGLGCARPNKPGVYVRVSRFVTWIEGVMRNN",2,"A","1","3UIR"
,,,,,"B"
"3UOU","3UOU",2,"VVGGTEAQRNSWPSQISLQYRSGSSWAHTCGGTLIRQNWVMTAAHCVDRELTFRVVVGEHNLNQNDGTEQYVGVQKIVVHPYWNTDDVAAGYDIALLRLAQSVTLNSYVQLGVLPRAGTILANNSPCYITGWGLTRTNGQLAQTLQQAYLPTVDYAICSSSSYWGSTVKNSMVCAGGDGVRSGCQGDSGGPLHCLVNGQYAVHGVTSFVSRLGCNVTRKPTVFTRVSAYISWINNVIASN",1,"A","1","3UOU"
,,,"SICSEPKKVGRCLGYFPRFYFDSETGKCTPFIYGGCGGNGNNFETLHQCRAICRA",1,"B","2","3UOU"
"3WNY","3WNY",8,"RPAFCLEPPYAGPGKARIIRYFYNAKAGAAQAFVYGGVRAKRNNFASAADALAACAAAGGKKK",8,"A","1","3WNY"
,,,,,"E"
,,,,,"F"
,,,,,"H"
,,,,,"C"
,,,,,"G"
,,,,,"B"
,,,,,"I"
"4BQD","4BQD",4,"DSEEDEEHTIITDTELPPLKLMHSFCAFKADDGPCKAIMKRFFFNIFTRQCEEFIYGGCEGNQNRFESLEECKKMCTRD",2,"A","1","4BQD"
,,,,,"B"
,,,"XFQSKPNVHVDGYFERLAAKL",2,"C","2","4BQD"
,,,,,"D"
"4DG4","4DG4",8,"IVGGYTCEENSLPYQVSLNSGYHFCGGSLISEQWVVSAAHCYKTRIQVRLGEHNIKVLEGNEQFINAAKIIRHPKYNRDTLDNDIMLIKLSSPAVINARVSTISLPTAPPAAGTECLISGWGNTLSFGADYPDELKCLDAPVLTQAECKASYPGKITNSMFCVGFLEGGKDSCQRDAGGPVVCNGQLQGVVSWGHGCAWKNRPGVYTKVYNYVDWIKDTIAANS",4,"A","1","4DG4"
,,,,,"B"
,,,,,"D"
,,,,,"G"
,,,"RPDFCLEPPYTGPCKARIIRYFYNAKAGLCQTFVYGGCRAKRNNFKSAEDCMRTCGGA",4,"E","2","4DG4"
,,,,,"F"
,,,,,"H"
,,,,,"C"
"4DTG","4DTG",3,"DIVMTQTPLSLSVTPGQPASISCKSSQSLLESDGKTYLNWYLQKPGQSPQLLIYLVSILDSGVPDRFSGSGSGTDFTLKISRVEAEDVGVYYCLQATHFPQTFGGGTKVEIKRTVAAPSVFIFPPSDEQLKSGTASVVCLLNNFYPREAKVQWKVDNALQSGNSQESVTEQDSKDSTYSLSSTLTLSKADYEKHKVYACEVTHQGLSSPVTKSFNRGEC",1,"L","1","4DTG"
,,,"EVQLVESGGGLVKPGGSLRLSCAASGFTFSNYAMSWVRQTPEKRLEWVATISRSGSYSYFPDSVQGRFTISRDNAKNSLYLQMNSLRAEDTAVYYCARLGGYDEGDAMDSWGQGTTVTVSSASTKGPSVFPLAPCSRSTSESTAALGCLVKDYFPEPVTVSWNSGALTSGVHTFPAVLQSSGLYSLSSVVTVPSSSLGTKTYTCNVDHKPSNTKVDKRVESK",1,"H","2","4DTG"
,,,"QEKPDFCFLEEDPGICRGYITRYFYNNQTKQCERFKYGGCLGNMNNFETLEECKNICEDGHHHHHH",1,"K","3","4DTG"
"4ISL","4ISL",2,"QTEDYCLASNKVGRCRGSFPRWYYDPTEQICKSFVYGGCLGNKNNYLREEECILACRGVQ",1,"B","1","4ISL"
,,,"VVGGTDADEGEWPWQVSLHALGQGHICGASLISPNWLVSAAHCYIDDRGFRYSDPTQWTAFLGLHDQSQRSAPGVQERRLKRIISHPFFNDFTFDYDIALLELEKPAEYSSMVRPICLPDASHVFPAGKAIWVTGWGHTQYGGTGALILQKGEIRVIQQTTCENLLPQQITPRMMCVGFLSGGVDSCQGDAGGPLSSVEADGRIFQAGVVSWGDGCAQRNKPGVYTRLPLFRDWIKENTGV",1,"A","2","4ISL"
"4ISN","4ISN",2,"QTEDYCLASNKVGRCRGSFPRWYYDPTEQICKSFVYGGCLGNKNNYLREEECILACRGVQGP",1,"B","1","4ISN"
,,,"VVGGTDADEGEWPWQVSLHALGQGHICGASLISPNWLVSAAHCYIDDRGFRYSDPTQWTAFLGLHDQSQRSAPGVQERRLKRIISHPFFNDFTFDYDIALLELEKPAEYSSMVRPICLPDASHVFPAGKAIWVTGWGHTQYGGTGALILQKGEIRVIQQTTCENLLPQQITPRMMCVGFLSGGVDSCQGDSGGPLSSVEADGRIFQAGVVSWGDGCAQRNKPGVYTRLPLFRDWIKENTGV",1,"A","2","4ISN"
"4ISO","4ISO",2,"VVGGTDADEGEWPWQVSLHALGQGHICGASLISPNWLVSAAHCYIDDRGFRYSDPTQWTAFLGLHDQSQRSAPGVQERRLKRIISHPFFNDFTFDYDIALLELEKPAEYSSMVRPICLPDASHVFPAGKAIWVTGWGHTQYGGTGALILQKGEIRVIQQTTCENLLPQQITPRMMCVGFLSGGVDSCQGDSGGPLSSVEADGRIFQAGVVSWGDGCAQRNKPGVYTRLPLFRDWIKENTGV",1,"A","1","4ISO"
,,,"QTEDYCLASNKVGRCRGSFPRWYYDPTEQICKSFVYGGCLGNKNNYLREEECILACRGVQ",1,"B","2","4ISO"
"4NTW","4NTW",3,"GQPVSIQAFASSSTLHGISHIFSYERLSLKRVVWALCFMGSLALLALVCTNRIQYYFLYPHVTKLDEVAATRLTFPAVTFCNLNEFRFSRVTKNDLYHAGELLALLNNRYEIPDTQTADEKQLEILQDKANFRNFKPKPFNMLEFYDRAGHDIREMLLSCFFRGEQCSPEDFKVVFTRYGKCYTFNAGQDGKPRLITMKGGTGNGLEIMLDIQQDEYLPVWGETDETSFEAGIKVQIHSQDEPPLIDQLGFGVAPGFQTFVSCQEQRLIYLPPPWGDCKATTGDSEFYDTYSITACRIDCETRYLVENCNCRMVHMPGDAPYCTPEQYKECADPALDFLVEKDNEYCVCEMPCNVTRYGKELSMVKIPSKASAKYLAKKYNKSEQYIGENILVLDIFFEALNYETIEQKKAYEVAGLLGDIGGQMGLFIGASILTVLELFDYAYEVIKHR",1,"A","1","4NTW"
,,,"QIRPAFCYEDPPFFQKCGAFVDSYYFNRSRITCVHFFYGQCDVNQNHFTTMSECNRVCHG",1,"B","2","4NTW"
,,,"NLNQFRLMIKCTNDRVWADFVDYGCYCVARDSNTPVDDLDRCCQAQKQCYDEAVKVHGCKPLVMFYSFECRYLASDLDCSGNNTKCRNFVCNCDRTATLCILTATYNRNNHKIDPSRCQ",1,"C","3","4NTW"
"4NTX","4NTX",3,"GQPVSIQAFASSSTLHGISHIFSYERLSLKRVVWALCFMGSLALLALVCTNRIQYYFLYPHVTKLDEVAATRLTFPAVTFCNLNEFRFSRVTKNDLYHAGELLALLNNRYEIPDTQTADEKQLEILQDKANFRNFKPKPFNMLEFYDRAGHDIREMLLSCFFRGEQCSPEDFKVVFTRYGKCYTFNAGQDGKPRLITMKGGTGNGLEIMLDIQQDEYLPVWGETDETSFEAGIKVQIHSQDEPPLIDQLGFGVAPGFQTFVSCQEQRLIYLPPPWGDCKATTGDSEFYDTYSITACRIDCETRYLVENCNCRMVHMPGDAPYCTPEQYKECADPALDFLVEKDNEYCVCEMPCNVTRYGKELSMVKIPSKASAKYLAKKYNKSEQYIGENILVLDIFFEALNYETIEQKKAYEVAGLLGDIGGQMGLFIGASILTVLELFDYAYEVIKHR",1,"A","1","4NTX"
,,,"QIRPAFCYEDPPFFQKCGAFVDSYYFNRSRITCVHFFYGQCDVNQNHFTTMSECNRVCHG",1,"B","2","4NTX"
,,,"NLNQFRLMIKCTNDRVWADFVDYGCYCVARDSNTPVDDLDRCCQAQKQCYDEAVKVHGCKPLVMFYSFECRYLASDLDCSGNNTKCRNFVCNCDRTATLCILTATYNRNNHKIDPSRCQ",1,"C","3","4NTX"
"4NTY","4NTY",3,"GQPVSIQAFASSSTLHGISHIFSYERLSLKRVVWALCFMGSLALLALVCTNRIQYYFLYPHVTKLDEVAATRLTFPAVTFCNLNEFRFSRVTKNDLYHAGELLALLNNRYEIPDTQTADEKQLEILQDKANFRNFKPKPFNMLEFYDRAGHDIREMLLSCFFRGEQCSPEDFKVVFTRYGKCYTFNAGQDGKPRLITMKGGTGNGLEIMLDIQQDEYLPVWGETDETSFEAGIKVQIHSQDEPPLIDQLGFGVAPGFQTFVSCQEQRLIYLPPPWGDCKATTGDSEFYDTYSITACRIDCETRYLVENCNCRMVHMPGDAPYCTPEQYKECADPALDFLVEKDNEYCVCEMPCNVTRYGKELSMVKIPSKASAKYLAKKYNKSEQYIGENILVLDIFFEALNYETIEQKKAYEVAGLLGDIGGQMGLFIGASILTVLELFDYAYEVIKHR",1,"A","1","4NTY"
,,,"QIRPAFCYEDPPFFQKCGAFVDSYYFNRSRITCVHFFYGQCDVNQNHFTTMSECNRVCHG",1,"B","2","4NTY"
,,,"NLNQFRLMIKCTNDRVWADFVDYGCYCVARDSNTPVDDLDRCCQAQKQCYDEAVKVHGCKPLVMFYSFECRYLASDLDCSGNNTKCRNFVCNCDRTATLCILTATYNRNNHKIDPSRCQ",1,"C","3","4NTY"
"4PTI","4PTI",1,"RPDFCLEPPYTGPCKARIIRYFYNAKAGLCQTFVYGGCRAKRNNFKSAEDCMRTCGGA",1,"A","1","4PTI"
"4TPI","4TPI",2,"VDDDDKIVGGYTCGANTVPYQVSLNSGYHFCGGSLINSQWVVSAAHCYKSGIQVRLGEDNINVVEGNEQFISASKSIVHPSYNSNTLNNDIMLIKLKSAASLNSRVASISLPTSCASAGTQCLISGWGNTKSSGTSYPDVLKCLKAPILSDSSCKSAYPGQITSNMFCAGYLEGGKDSCQGDSGGPVVCSGKLQGIVSWGSGCAQKNKPGVYTKVCNYVSWIKQTIASN",1,"Z","1","4TPI"
,,,"RPDFCLEPPYTGPCRARIIRYFYNAKAGLCQTFVYGGCRAKRNNFKSAEDCMRTCGGA",1,"I","2","4TPI"
"4U30","4U30",8,"IVGGYTCEENSLPYQVSLNSGSHFCGGSLISEQWVVSAAHCYKTRIQVRLGEHNIKVLEGNEQFINAAKIIRHPKYNRDTLDNDIMLIKLSSPAVINARVSTISLPTAPPAAGTECLISGWGNTLSFGADYPDELKCLDAPVLTQAECKASYPGKITNSMFCVGFLEGGKDSCQRDAGGPVVCNGQLQGVVSWGHGCAWKNRPGVYTKVYNYVDWIKDTIAANS",4,"A","1","4U30"
,,,,,"C"
,,,,,"D"
,,,,,"B"
,,,"TVAACANLPIVRGPCRAFIQLWAFDAVKGKCVLFPYGGCQGNGNKFYSEKECREYCGVP",4,"X","2","4U30"
,,,,,"Y"
,,,,,"Z"
,,,,,"W"
"4U32","4U32",2,"IVGGYTCEENSLPYQVSLNSGSHFCGGSLISEQWVVSAAHCYKTRIQVRLGEHNIKVLEGNEQFINAAKIIRHPKYNRDTLDNDIMLIKLSSPAVINARVSTISLPTAPPAAGTECLISGWGNTLSFGADYPDELKCLDAPVLTQAECKASYPGKITNSMFCVGFLEGGKDSCQRDAGGPVVCNGQLQGVVSWGHGCAWKNRPGVYTKVYNYVDWIKDTIAANS",1,"A","2","4U32"
,,,"IHDFCLVSKVVGRCRASMPRWWYNVTDGSCQLFVYGGCDGNSNNYLTKEECLKKC",1,"X","1","4U32"
"4WWY","4WWY",4,"RPDFCLEPPYTGPCKARIIRYFYNAKAGLCQTFVYGGCRAKRNNFKSAEDCMRTCGGA",2,"C","2","4WWY"
,,,,,"I"
,,,"IVGGYNCEENSVPYQVSLNSGYHFCGGSLINEQWVVSAGHCYKSRIQVRLGEHNIEVLEGNEQFINAAKIIRHPQYDRKTLNNDIMLIKLSSRAVINAHVSTISLPTAPPATGTKCLISGWGNTASSGADYPDELQCLDAPVLSQAKCEASYPGKITSNMFCVGFLEGGKDSCQRDSGGPVVCNGQLQGVVSWGDGCAQKNKPGVYTKVYNYVKWIKNTIAANS",2,"B","1","4WWY"
,,,,,"A"
"4WXV","4WXV",4,"IVGGYNCEENSVPYQVSLNSGYHFCGGSLINEQWVVSAGHCYKSRIQVRLGEHNIEVLEGNEQFINAAKIIRHPQYDRDTLNNDIMLIKLSSRAVINAHVSTISLPTAPPATGTKCLISGWGNTASSGADYPDELQCLDAPVLSQAKCEASYPGKITSNMFCVGFLEGGKDSCQGDAGGPVVCNGQLQGVVSWGDGCAQKNKPGVYTKVYNYVKWIKNTIAANS",2,"A","1","4WXV"
,,,,,"B"
,,,"RPDFCLEPPYTGPCKARIIRYFYNAKAGLCQTFVYGGCRAKRNNFKSAEDCMRTC",2,"C","2","4WXV"
,,,,,"I"
"4Y0Y","4Y0Y",2,"IVGGYTCGANTVPYQVSLNSGYHFCGGSLINSQWVVSAAHCYKSGIQVRLGEDNINVVEGNEQFISASKSIVHPSYNSNTLNNDIMLIKLKSAASLNSRVASISLPTSCASAGTQCLISGWGNTKSSGTSYPDVLKCLKAPILSDSSCKSAYPGQITSNMFCAGYLEGGKDSCQGDSGGPVVCSGKLQGIVSWGSGCAQKNKPGVYTKVCNYVSWIKQTIASN",1,"E","1","4Y0Y"
,,,"RPDFCLEPPYTGPCKARIIRYFYNAKAGLCQTFVYGGCRAKRNNFKSAEDCMRTCGGA",1,"I","2","4Y0Y"
"4Y0Z","4Y0Z",2,"IVGGYTCGANTVPYQVSLNSGYHFCGGSLINSQWVVSAAHCYKSGIQVRLGEDNINVVEGNEQFISASKSIVHPSYNSNTLNNDIMLIKLKSAASLNSRVASISLPTSCASAGTQCLISGWGNTKSSGTSYPDVLKCLKAPILSDSSCKSAYPGQITSNMFCAGYLEGGKDSCQGDSGGPVVCSGKLQGIVSWGSGCAQKNKPGVYTKVCNYVSWIKQTIASN",1,"E","1","4Y0Z"
,,,"RPDFCLEPPYTGPCAARIIRYFYNAKAGLCQTFVYGGCRAKRNNFKSAEDCMRTCGGA",1,"I","2","4Y0Z"
"4Y10","4Y10",2,"IVGGYTCGANTVPYQVSLNSGYHFCGGSLINSQWVVSAAHCYKSGIQVRLGEDNINVVEGNEQFISASKSIVHPSYNSNTLNNDIMLIKLKSAASLNSRVASISLPTSCASAGTQCLISGWGNTKSSGTSYPDVLKCLKAPILSDSSCKSAYPGQITSNMFCAGYLEGGKDSCQGDSGGPVVCSGKLQGIVSWGSGCAQKNKPGVYTKVCNYVSWIKQTIASN",1,"E","1","4Y10"
,,,"RPDFCLEPPYTGPCXARIIRYFYNAKAGLCQTFVYGGCRAKRNNFKSAEDCMRTCGGA",1,"I","2","4Y10"
"4Y11","4Y11",2,"IVGGYTCGANTVPYQVSLNSGYHFCGGSLINSQWVVSAAHCYKSGIQVRLGEDNINVVEGNEQFISASKSIVHPSYNSNTLNNDIMLIKLKSAASLNSRVASISLPTSCASAGTQCLISGWGNTKSSGTSYPDVLKCLKAPILSDSSCKSAYPGQITSNMFCAGYLEGGKDSCQGDSGGPVVCSGKLQGIVSWGSGCAQKNKPGVYTKVCNYVSWIKQTIASN",1,"E","1","4Y11"
,,,"RPDFCLEPPYTGPCXARIIRYFYNAKAGLCQTFVYGGCRAKRNNFKSAEDCMRTCGGA",1,"I","2","4Y11"
"5JB4","5JB4",3,"RPAFCLEPPYAGPGAAAIIRYFYNAAAGAAQAFVYGGVRAKRNNFASAADALAACAAA",3,"A","1","5JB4"
,,,,,"B"
,,,,,"C"
"5JB5","5JB5",3,"RPAFCLEPPYAGPGAAAIIRYFYNAAAGAAQAFVYGGVAAKRNNFASAADALAACAAA",3,"A","1","5JB5"
,,,,,"C"
,,,,,"B"
"5JB6","5JB6",3,"RPAFCLEAPYAGPGAAAIIRYFYNAAAGAAQAFVYGGVAAKRNNFASAADALAACAAA",3,"A","1","5JB6"
,,,,,"C"
,,,,,"B"
"5JB7","5JB7",3,"RPAFCLEAPYAGPGAAAIIRYFYNAAAGAAQAFVYGGVAAKRNNFASAAAALAACAAA",3,"A","1","5JB7"
,,,,,"B"
,,,,,"C"
"5JBT","5JBT",3,"IVGGYTCEENSLPYQVSLNSGSHFCGGSLISEQWVVSAAHCYKTRIQVRLGEHNIKVLEGNEQFINAAKIIRHPKYNRDTLDNDIMLIKLSSPAVINARVSTISLPTAPPAAGTECLISGWGNTLSFGADYPDELKCLDAPVLTQAECKASYPGKITNSMFCVGFLEGGKDSCQRDAGGPVVCNGQLQGVVSWGHGCAWKNRPGVYTKVYNYVDWIKDTIAANS",1,"A","1","5JBT"
,,,"KAVCSQEAMTGPCR",1,"X","2","5JBT"
,,,"MPRWYFDLSKGKCVRFIYGGCGGNRNNFESEDYCMAVC",1,"Y","3","5JBT"
"5M4V","5M4V",1,"RPSFCNLPVKPGPCKAFFSAFYYSQKTNKCHSFTYGGCKGNANRFSTLEKCRRTCVG",1,"A","1","5M4V"
"5NX1","5NX1",4,"LVHGGPCDKTSHPYQAALYTSGHLLCGGVLIHPLWVLTAAHCKKPNLQVFLGKHNLGQQESSQEQSSVVRAVIHPDYDAASHDQDIMLLRLARPAKLSELIQPLPLERDCSAQTTSCHILGWGKTADGDFPDTIQCAYIHLVSREECEHAYPGQITQNMLCAGDEKYGKDSCQGDSGGPLVCGDHLRGLVSWGNIPCGSKEKPGVYTNVCRYTNWIQKTIQAK",1,"A","1","5NX1"
,,,"YVDYKDDDDKEFEVCSEQAETGPCR",1,"B","2","5NX1"
,,,"AMISRWYFDVTEGKCAPFFYGGCGGNRNNFDTEEYCMAVCGSAIPRHHHHHHAAAN",1,"D","3","5NX1"
,,,"YVDYKDDDDKEFEVCSEQAETGPCRAMISRWYFDVTEGKCAPFFYGGCGGNRNNFDTEEYCMAVCGSAIPRHHHHHHAAAN",1,"C","4","5NX1"
"5NX3","5NX3",4,"LVHGGPCDKTSHPYQAALYTSGHLLCGGVLIHPLWVLTAAHCKKPNLQVFLGKHNLGQQESSQEQSSVVRAVIHPDYDAASHDQDIMLLRLARPAKLSELIQPLPLERDCSAQTTSCHILGWGKTADGDFPDTIQCAYIHLVSREECEHAYPGQITQNMLCAGDEKYGKDSCQGDSGGPLVCGDHLRGLVSWGNIPCGSKEKPGVYTNVCRYTNWIQKTIQAK",1,"A","1","5NX3"
,,,"YVDYKDDDDKEFEVCSEQAETGPCR",1,"B","2","5NX3"
,,,"ALFFRWYFDVTEGKCAPFVYGGCGGNRNNFDTEEYCMAVCGSAIPRHHHHHHAAAN",1,"D","3","5NX3"
,,,"YVDYKDDDDKEFEVCSEQAETGPCRALFFRWYFDVTEGKCAPFVYGGCGGNRNNFDTEEYCMAVCGSAIPRHHHHHHAAAN",1,"C","4","5NX3"
"5PTI","5PTI",1,"RPDFCLEPPYTGPCKARIIRYFYNAKAGLCQTFVYGGCRAKRNNFKSAEDCMRTCGGA",1,"A","1","5PTI"
"5XX2","5XX2",2,"RPDFCLEPPYTGPGKARIIRYFYNAKAGLAQTFVYGGLRAKRNNFKSAEDALRTCGGA",2,"A","1","5XX2"
,,,,,"B"
"5XX3","5XX3",2,"RPDFCLEPPYTGPGKARIIRYFYNAKAGLAQTFVYGGGRAKRNNFKSAEDALRTCGGA",2,"A","1","5XX3"
,,,,,"B"
"5XX4","5XX4",2,"RPDFCLEPPYTGPGKARIIRYFYNAKAGLAQTFVYGGKRAKRNNFKSAEDALRTCGGA",2,"A","1","5XX4"
,,,,,"B"
"5XX5","5XX5",2,"RPDFCLEPPYTGPGKARIIRYFYNAKAGLAQTFVYGGIRAKRNNFKSAEDALRTCGGA",2,"B","1","5XX5"
,,,,,"A"
"5XX6","5XX6",2,"RPDFCLEPPYTGPGKARIIRYFYNAKAGLAQTFVYGGIRAKRNNFKSAEDALRTCGGA",2,"B","1","5XX6"
,,,,,"A"
"5XX7","5XX7",2,"RPDFCLEPPYTGPGKARIIRYFYNAKAGLAQTFVYGGIRAKRNNFKSAEDALRTCGGA",2,"A","1","5XX7"
,,,,,"D"
"5XX8","5XX8",2,"RPDFCLEPPYTGPGKARIIRYFYNAKAGLAQTFVYGGIRAKRNNFKSAEDALRTCGGA",2,"A","1","5XX8"
,,,,,"B"
"5YV7","5YV7",1,"WQPPWYCKEPVRIGSCKKQFSSFYFKWTAKKCLPFLFSGCGGNANRFQTIGECRKKCLGK",1,"A","1","5YV7"
"5YVU","5YVU",3,"GGGGSGGGGSGALWDVPSPAATQKATLSEGVYRIMQRGLFGKTQVGVGIHMEGVFHTMWHVTRGSVICHETGRLEPSWADVRNDMISYGGGWRLGDKWDKEEDVQVLAIEPGKNPKHVQTKPGLFKTLTGEIGAVTLDFKPGTAGSPIINKKGKVIGLYGNGVVTKSGDYVSAITQAERIGEPDYEVDEDIFRKKRLTIMDLHPGAGKTKRILPSIVREALKRRLRTLILAPTRVVAAEMEEALRGLPIRYQTPAVKSEHTGREIVDLMCHATFTTRLLSSTRVPNYNLIVMDEAHFTDPCSVAARGYISTRVEMGEAAAIFMTATPPGSIDPFPQSNSPIEDIEREIPERSWNTGFDWITDYQGKTVWFVPSIKAGNDIANCLRKSGKKVIQLSRKTFDTEYPKTKLTDWDFVVTTDISEMGANFRAGRVIDPRRCLKPVILTDGPERVILAGPIPVTPASAAQRRGRIGRNPAQEDDQYVFSGDPLKNDEDHAHWTEAKMLLDNIYTPEGIIPTLFGPEREKTQAIDGEFRLRGEQRKTFVELMRRGDLPVWLSYKVASAGISYKDREWCFTGERNNQILEENMEVEIWTREGEKKKLRPKWLDARVYADPMALKDFKEFASGRK",1,"B","1","5YVU"
,,,"RPDFCLEPPYTGPCKARIIRYFYNAKAGLCQTFVYGGCRAKRNNFKSAEDCMRTC",1,"I","3","5YVU"
,,,"FKPGTSGSADLSLEKAANVQWDEMADITGSSPIIEVKQDEDGSFSIRDVEETNMI",1,"A","2","5YVU"
"5YW1","5YW1",3,"GADLSLEKAANVQWDEMADITGSSPIIEVKQDEDGSFSIRDVEETNMIGVKTQR",1,"A","2","5YW1"
,,,"RPDFCLEPPYTGPCKARMIRYFYNAKAGLCQPFVYGGCRAKRNNFKSSEDCMRTC",1,"I","3","5YW1"
,,,"SGALWDVPSPAATQKATLSEGVYRIMQRGLFGKTQVGVGIHMEGVFHTMWHVTRGSVICHETGRLEPSWADVRNDMISYGGGWRLGDKWDKEEDVQVLAIEPGKNPKHVQTKPGLFKTLTGEIGAVTLDFKPGTSGSPIINKKGKVIGLYGNGVVTKSGDYVSAITQAERIGEPDYEVDEDIFRKKRLTIMDLHPGAGKTKRILPSIVREALKRRLRTLILAPTRVVAAEMEEALRGLPIRYQTPAVKSEHTGREIVDLMCHATFTTRLLSSTRVPNYNLIVMDEAHFTDPCSVAARGYISTRVEMGEAAAIFMTATPPGSIDPFPQSNSPIEDIEREIPERSWNTGFDWITDYQGKTVWFVPSIKAGNDIANCLRKSGKKVIQLSRKTFDTEYPKTKLTDWDFVVTTDISEMGANFRAGRVIDPRRCLKPVILTDGPERVILAGPIPVTPASAAQRRGRIGRNPAQEDDQYVFSGDPLKNDEDHAHWTEAKMLLDNIYTPEGIIPTLFGPEREKTQAIDGEFRLRGEQRKTFVELMRRGDLPVWLSYKVASAGISYKDREWCFTGERNNQILEENMEVEIWTREGEKKKLRPKWLDARVYADPMALKDFKEFASGRK",1,"B","1","5YW1"
"5ZJ3","5ZJ3",3,"KDRPDFCELPADTGPCRVRFPSFYYNPDEKKCLEFIYGGCEGNANNFITKEECESTCAA",3,"B","1","5ZJ3"
,,,,,"C"
,,,,,"A"
"6BX8","6BX8",8,"IVGGYTCEENSLPYQVSLNSGSHFCGGSLISEQWVVSAAHCYKTRIQVRLGEHNIKVLEGNEQFINAAKIIRHPKYNRDTLDNDIMLIKLSSPAVINARVSTISLPTAPPAAGTECLISGWGNTLSFGADYPDELKCLDAPVLTQAECKASYPGKITNSMFCVGFLEGGKDSCQRDAGGPVVCNGQLQGVVSWGHGCAWKNRPGVYTKVYNYVDWIKDTIAANS",4,"A","1","6BX8"
,,,,,"C"
,,,,,"E"
,,,,,"G"
,,,"YVDYKDDDDKEFMHSFCAFKADDGPCRACMKRFFFNIFTRQCEEFCYGGCEGNQNRFESLEECKKMCTRDPRHHHHHHAN",4,"B","2","6BX8"
,,,,,"D"
,,,,,"F"
,,,,,"H"
"6F1F","6F1F",5,"RPDFCLEPPYTGPCKARIIRYFYNAKAGLCQTFVYGGCRAKRNNFKSAEDCMRTCGGA",5,"A","1","6F1F"
,,,,,"B"
,,,,,"C"
,,,,,"D"
,,,,,"E"
"6HAR","6HAR",2,"IVGGYTCEENSLPYQVSLNSGSHFCGGSLISEQWVVSAAHCYKTRIQVRLGEHNIKVLEGNEQFINAAKIIRHPKYNRDTLDNDIMLIKLSSPAVINARVSTISLPTAPPAAGTECLISGWGNTLSFGADYPDELKCLDAPVLTQAECKASYPGKITNSMFCVGFLEGGKDSCQRDAGGPVVCNGQLQGVVSWGHGCAWKNRPGVYTKVYNYVDWIKDTIAANS",1,"A","1","6HAR"
,,,"YVDYKDDDDKEFEVCSEQAETGPCRACFSRWYFDVTEGKCAPFCYGGCGGNRNNFDTEEYCMAVCGSAIPRHHHHHHAAA",1,"E","2","6HAR"
"6KZF","6KZF",2,"WQPPWYAKEPVRIGSCKKQFSSFYFKWTAKKCLPFLFSGCGGNANRFQTIGECRKKCLGK",1,"A","1","6KZF"
,,,"WQPPWYCKEPVRIGSCKKQFSSFYFKWTAKKCLPFLFSGCGGNANRFQTIGECRKKCLGK",1,"B","2","6KZF"
"6PTI","6PTI",1,"RPDFCLEPPYTGPCKARIIRYFYNAKAGLCQTFVYGGCRAKRNNFKSAEDCMRTCGGA",1,"A","1","6PTI"
"6Q61","6Q61",1,"KDRPSLCDLPADSGSGTKAEKRIYYNSARKQCLRFDYTGQGGNENNFRRTYDCARTCLYTA",1,"A","1","6Q61"
"6Q6C","6Q6C",2,"KDRPSLCDLPADSGSGTKAEKRIYYNSARKQCLRFDYTGQGGNENNFRRTYDCQDTCLYTA",2,"A","1","6Q6C"
,,,,,"B"
"6YHY","6YHY",2,"DRPSYCNLPADSGSGTKSEQRIYYNSARKQCLTFTYNGQGGNENNFRRTYDCRRTCQYP",2,"A","1","6YHY"
,,,,,"B"
"7PH1","7PH1",2,"IVGGYTCGANTVPYQVSLNSGYHFCGGSLINSQWVVSAAHCYKSGIQVRLGEDNINVVEGNEQFISASKSIVHPSYNSNTLNNDIMLIKLKSAASLNSRVASISLPTSCASAGTQCLISGWGNTKSSGTSYPDVLKCLKAPILSDSSCKSAYPGQITSNMFCAGYLEGGKDSCQGDSGGPVVCSGKLQGIVSWGSGCAQKNKPGVYTKVCNYVSWIKQTIASN",1,"E","1","7PH1"
,,,"PDFCLEPPYTGPCXARIIRYFYNAKAGLCQTFVYGGCRAKRNNFKSAEDCMRTCGGA",1,"I","2","7PH1"
"7PTI","7PTI",1,"RPDFCLEPPYTGPCKARIIRYFYNAKAGLAQTFVYGGCRAKRNNFKSAEDAMRTCGGA",1,"A","1","7PTI"
"7QIQ","7QIQ",8,"CGVPAIQPVLSGL",2,"A","1","7QIQ"
,,,,,"E"
,,,"IVNGEEAVPGSWPWQVSLQDKTGFHFCGGSLINENWVVTAAHCGVTTSDVVVAGEFDQGSSSEKIQKLKIAKVFKNSKYNSLTINNDITLLKLSTAASFSQTVSAVCLPSASDDFAAGTTCVTTGWGLTRY",2,"B","2","7QIQ"
,,,,,"F"
,,,"ANTPDRLQQASLPLLSNTNCKKYWGTKIKDAMICAGASGVSSCMGDSGGPLVCKKNGAWTLVGIVSWGSSTCSTSTPGVYARVTALVNWVQQTLAAN",2,"C","3","7QIQ"
,,,,,"G"
,,,"RPDFCLEPPYTGPCAARIIRYFYNAKAGLCQTFVYGGCRAKRNNFKSAEDCMRTCGGA",2,"D","4","7QIQ"
,,,,,"H"
"7QIR","7QIR",8,"CGVPAIQPVLSGL",2,"A","1","7QIR"
,,,,,"E"
,,,"IVNGEEAVPGSWPWQVSLQDKTGFHFCGGSLINENWVVTAAHCGVTTSDVVVAGEFDQGSSSEKIQKLKIAKVFKNSKYNSLTINNDITLLKLSTAASFSQTVSAVCLPSASDDFAAGTTCVTTGWGLTRY",2,"F","2","7QIR"
,,,,,"B"
,,,"ANTPDRLQQASLPLLSNTNCKKYWGTKIKDAMICAGASGVSSCMGDSGGPLVCKKNGAWTLVGIVSWGSSTCSTSTPGVYARVTALVNWVQQTLAAN",2,"C","3","7QIR"
,,,,,"G"
,,,"RPDFCLEPPYTGPCXARIIRYFYNAKAGLCQTFVYGGCRAKRNNFKSAEDCMRTCGGA",2,"D","4","7QIR"
,,,,,"H"
"7QIS","7QIS",8,"CGVPAIQPVLSGL",2,"E","1","7QIS"
,,,,,"A"
,,,"IVNGEEAVPGSWPWQVSLQDKTGFHFCGGSLINENWVVTAAHCGVTTSDVVVAGEFDQGSSSEKIQKLKIAKVFKNSKYNSLTINNDITLLKLSTAASFSQTVSAVCLPSASDDFAAGTTCVTTGWGLTRY",2,"F","2","7QIS"
,,,,,"B"
,,,"ANTPDRLQQASLPLLSNTNCKKYWGTKIKDAMICAGASGVSSCMGDSGGPLVCKKNGAWTLVGIVSWGSSTCSTSTPGVYARVTALVNWVQQTLAAN",2,"C","3","7QIS"
,,,,,"G"
,,,"RPDFCLEPPYTGPCXARIIRYFYNAKAGLCQTFVYGGCRAKRNNFKSAEDCMRTCGGA",2,"H","4","7QIS"
,,,,,"D"
"7QIT","7QIT",8,"CGVPAIQPVLSGL",2,"A","1","7QIT"
,,,,,"E"
,,,"IVNGEEAVPGSWPWQVSLQDKTGFHFCGGSLINENWVVTAAHCGVTTSDVVVAGEFDQGSSSEKIQKLKIAKVFKNSKYNSLTINNDITLLKLSTAASFSQTVSAVCLPSASDDFAAGTTCVTTGWGLTRY",2,"B","2","7QIT"
,,,,,"F"
,,,"ANTPDRLQQASLPLLSNTNCKKYWGTKIKDAMICAGASGVSSCMGDSGGPLVCKKNGAWTLVGIVSWGSSTCSTSTPGVYARVTALVNWVQQTLAAN",2,"C","3","7QIT"
,,,,,"G"
,,,"RPDFCLEPPYTGPCXARIIRYFYNAKAGLCQTFVYGGCRAKRNNFKSAEDCMRTCGGA",2,"D","4","7QIT"
,,,,,"H"
"8PTI","8PTI",1,"RPDFCLEPPYTGPCKARIIRYFYNAKAGLCQTFVGGGCRAKRNNFKSAEDCMRTCGGA",1,"A","1","8PTI"
"9PTI","9PTI",1,"RPDFCLEPPYTGPCKARIIRYFYNAKAGLCQTFVYGGCRAKRNNFKSAEDCMRTCGGA",1,"A","1","9PTI"
